-- phpMyAdmin SQL Dump
-- version 4.9.5
-- https://www.phpmyadmin.net/
--
-- Host: localhost:3306
-- Generation Time: Jul 18, 2025 at 04:00 AM
-- Server version: 10.6.16-MariaDB-cll-lve
-- PHP Version: 7.4.33

SET SQL_MODE = "NO_AUTO_VALUE_ON_ZERO";
SET AUTOCOMMIT = 0;
START TRANSACTION;
SET time_zone = "+00:00";


/*!40101 SET @OLD_CHARACTER_SET_CLIENT=@@CHARACTER_SET_CLIENT */;
/*!40101 SET @OLD_CHARACTER_SET_RESULTS=@@CHARACTER_SET_RESULTS */;
/*!40101 SET @OLD_COLLATION_CONNECTION=@@COLLATION_CONNECTION */;
/*!40101 SET NAMES utf8mb4 */;

--
-- Database: `nyvjzrsb_shopmgmt`
--

-- --------------------------------------------------------

--
-- Table structure for table `bank_deposits`
--

CREATE TABLE `bank_deposits` (
  `id` int(11) NOT NULL,
  `user_id` int(11) NOT NULL,
  `organization_id` int(11) NOT NULL,
  `bank_name` enum('CBE','Awash','Dashen','Abyssinia','Birhan','Telebirr') NOT NULL,
  `account_number` varchar(50) DEFAULT NULL,
  `amount` decimal(10,2) NOT NULL,
  `deposit_date` date NOT NULL,
  `reference_number` varchar(50) DEFAULT NULL,
  `comment` text DEFAULT NULL,
  `created_at` timestamp NOT NULL DEFAULT current_timestamp()
) ENGINE=InnoDB DEFAULT CHARSET=utf8mb4 COLLATE=utf8mb4_unicode_ci;

--
-- Dumping data for table `bank_deposits`
--

INSERT INTO `bank_deposits` (`id`, `user_id`, `organization_id`, `bank_name`, `account_number`, `amount`, `deposit_date`, `reference_number`, `comment`, `created_at`) VALUES
(8, 1, 1, 'CBE', '', '2000.00', '2025-07-14', '', 'Cash wodw account', '2025-07-14 14:07:54');

-- --------------------------------------------------------

--
-- Table structure for table `ip_blocks`
--

CREATE TABLE `ip_blocks` (
  `id` int(11) NOT NULL,
  `ip_address` varchar(45) NOT NULL,
  `organization_id` int(11) DEFAULT NULL,
  `blocked_until` datetime NOT NULL,
  `created_at` timestamp NULL DEFAULT current_timestamp()
) ENGINE=InnoDB DEFAULT CHARSET=utf8mb4 COLLATE=utf8mb4_unicode_ci;

-- --------------------------------------------------------

--
-- Table structure for table `login_attempts`
--

CREATE TABLE `login_attempts` (
  `id` int(11) NOT NULL,
  `username` varchar(50) NOT NULL,
  `success` tinyint(1) NOT NULL DEFAULT 0,
  `ip_address` varchar(45) NOT NULL,
  `user_agent` mediumtext DEFAULT NULL,
  `organization_id` int(11) DEFAULT NULL,
  `attempt_time` timestamp NULL DEFAULT current_timestamp()
) ENGINE=InnoDB DEFAULT CHARSET=utf8mb4 COLLATE=utf8mb4_unicode_ci;

--
-- Dumping data for table `login_attempts`
--

INSERT INTO `login_attempts` (`id`, `username`, `success`, `ip_address`, `user_agent`, `organization_id`, `attempt_time`) VALUES
(1, 'betse', 1, '102.208.97.130', 'Expo/1017697 CFNetwork/1333.0.4 Darwin/21.5.0', 1, '2025-06-10 13:34:51'),
(2, 'bire', 1, '102.208.96.139', 'Expo/1017697 CFNetwork/1333.0.4 Darwin/21.5.0', 1, '2025-06-10 14:00:33'),
(3, 'betse', 0, '102.208.97.71', 'Mozilla/5.0 (Windows NT 10.0; Win64; x64) AppleWebKit/537.36 (KHTML, like Gecko) Chrome/137.0.0.0 Safari/537.36 Edg/137.0.0.0', NULL, '2025-06-12 07:41:19'),
(50, 'bire', 1, '196.190.61.128', 'Mozilla/5.0 (Windows NT 10.0; Win64; x64) AppleWebKit/537.36 (KHTML, like Gecko) Chrome/137.0.0.0 Safari/537.36 Edg/137.0.0.0', 1, '2025-06-21 10:49:06'),
(51, 'bire', 1, '196.190.61.128', 'Mozilla/5.0 (Windows NT 10.0; Win64; x64) AppleWebKit/537.36 (KHTML, like Gecko) Chrome/137.0.0.0 Safari/537.36 Edg/137.0.0.0', 1, '2025-06-21 13:26:22'),
(52, 'bire', 1, '196.190.61.128', 'Mozilla/5.0 (Windows NT 10.0; Win64; x64) AppleWebKit/537.36 (KHTML, like Gecko) Chrome/137.0.0.0 Safari/537.36 Edg/137.0.0.0', 1, '2025-06-21 18:33:19'),
(53, 'bire', 1, '196.190.61.128', 'Mozilla/5.0 (Windows NT 10.0; Win64; x64) AppleWebKit/537.36 (KHTML, like Gecko) Chrome/137.0.0.0 Safari/537.36 Edg/137.0.0.0', 1, '2025-06-21 18:34:29'),
(54, 'bire', 1, '102.213.69.142', 'Mozilla/5.0 (Windows NT 10.0; Win64; x64) AppleWebKit/537.36 (KHTML, like Gecko) Chrome/137.0.0.0 Safari/537.36 Edg/137.0.0.0', 1, '2025-06-22 07:16:01'),
(55, 'bire', 1, '169.150.196.154', 'Mozilla/5.0 (Windows NT 10.0; Win64; x64) AppleWebKit/537.36 (KHTML, like Gecko) Chrome/137.0.0.0 Safari/537.36 Edg/137.0.0.0', 1, '2025-06-22 09:28:02'),
(56, 'bire', 1, '169.150.196.154', 'Mozilla/5.0 (Windows NT 10.0; Win64; x64) AppleWebKit/537.36 (KHTML, like Gecko) Chrome/137.0.0.0 Safari/537.36 Edg/137.0.0.0', 1, '2025-06-22 09:30:20'),
(57, 'bire', 1, '102.213.69.142', 'okhttp/4.9.2', 1, '2025-06-22 13:06:48'),
(58, 'sanbu', 1, '102.213.69.142', 'okhttp/4.9.2', 1, '2025-06-22 13:20:07'),
(59, 'bire', 1, '102.213.69.142', 'okhttp/4.9.2', 1, '2025-06-22 13:22:10'),
(60, 'bire', 1, '102.213.69.203', NULL, 1, '2025-06-23 11:40:12'),
(61, 'bire', 1, '102.213.69.203', NULL, 1, '2025-06-23 11:45:44'),
(62, 'bire', 1, '102.213.69.203', NULL, 1, '2025-06-23 11:48:45'),
(63, 'bire', 1, '102.213.69.203', 'okhttp/4.12.0', 1, '2025-06-23 12:01:43'),
(64, 'habte', 1, '102.213.69.196', 'okhttp/4.12.0', 2, '2025-06-23 14:42:39'),
(65, 'temesgen', 1, '102.213.69.196', 'okhttp/4.12.0', 2, '2025-06-23 15:05:47'),
(66, 'habte', 1, '102.213.69.196', 'okhttp/4.12.0', 2, '2025-06-23 15:13:06'),
(67, 'bire', 1, '102.213.68.147', NULL, 1, '2025-06-24 11:30:24'),
(68, 'bire', 1, '102.213.68.147', NULL, 1, '2025-06-24 15:07:56'),
(69, 'bire', 1, '102.213.68.147', 'okhttp/4.9.2', 1, '2025-06-24 15:31:54'),
(70, 'bire', 1, '196.188.254.39', 'okhttp/4.9.2', 1, '2025-06-24 16:13:27'),
(71, 'bire', 1, '196.188.253.153', NULL, 1, '2025-06-25 12:01:07'),
(72, 'bire', 1, '102.208.97.109', NULL, 1, '2025-06-25 12:08:31'),
(73, 'sanbu', 1, '196.188.253.229', 'okhttp/4.9.2', 1, '2025-06-25 12:33:38'),
(74, 'mekdi1234', 0, '196.190.61.194', 'okhttp/4.9.2', NULL, '2025-06-25 16:51:42'),
(75, 'mekdi1234', 0, '196.190.61.194', 'okhttp/4.9.2', NULL, '2025-06-25 16:51:53'),
(76, 'sanbu', 1, '196.190.61.123', 'okhttp/4.9.2', 1, '2025-06-26 09:16:27'),
(77, 'bire', 1, '196.190.61.123', 'okhttp/4.9.2', 1, '2025-06-26 09:17:00'),
(78, 'bire', 1, '102.218.50.43', NULL, 1, '2025-06-26 12:25:57'),
(79, 'bire', 1, '196.190.61.123', 'okhttp/4.9.2', 1, '2025-06-26 12:36:29'),
(80, 'bire', 0, '102.218.50.216', 'Expo/1017697 CFNetwork/1333.0.4 Darwin/21.5.0', NULL, '2025-06-26 13:44:52'),
(81, 'bire', 0, '102.218.50.216', 'Expo/1017697 CFNetwork/1333.0.4 Darwin/21.5.0', NULL, '2025-06-26 13:44:59'),
(82, 'bire', 0, '102.218.50.216', 'Expo/1017697 CFNetwork/1333.0.4 Darwin/21.5.0', NULL, '2025-06-26 13:45:05'),
(83, 'bire', 0, '102.218.50.216', 'Expo/1017697 CFNetwork/1333.0.4 Darwin/21.5.0', NULL, '2025-06-26 13:45:26'),
(84, 'bire', 0, '102.218.50.216', 'Expo/1017697 CFNetwork/1333.0.4 Darwin/21.5.0', NULL, '2025-06-26 13:46:31'),
(85, 'bire', 0, '102.218.50.216', 'Expo/1017697 CFNetwork/1333.0.4 Darwin/21.5.0', NULL, '2025-06-26 13:46:44'),
(86, 'sanbu', 1, '102.218.50.216', 'Expo/1017697 CFNetwork/1333.0.4 Darwin/21.5.0', 1, '2025-06-26 13:46:59'),
(87, 'betse', 0, '102.218.50.216', 'Expo/1017697 CFNetwork/1333.0.4 Darwin/21.5.0', NULL, '2025-06-26 13:47:12'),
(88, 'bire', 0, '102.213.69.10', NULL, NULL, '2025-06-26 13:47:38'),
(89, 'betse', 1, '102.218.50.216', 'Expo/1017697 CFNetwork/1333.0.4 Darwin/21.5.0', 1, '2025-06-26 13:48:38'),
(90, 'betse', 1, '102.213.69.10', NULL, 1, '2025-06-26 13:50:36'),
(91, 'bire', 0, '102.213.69.10', NULL, NULL, '2025-06-26 14:45:58'),
(92, 'betse', 1, '102.213.69.10', NULL, 1, '2025-06-26 14:46:05'),
(93, 'betse', 1, '102.213.69.10', NULL, 1, '2025-06-26 14:50:43'),
(94, 'betse', 1, '196.190.61.123', NULL, 1, '2025-06-26 15:35:23'),
(95, 'habte', 0, '102.213.68.161', 'Expo/1017697 CFNetwork/1333.0.4 Darwin/21.5.0', NULL, '2025-06-27 09:14:06'),
(96, 'betse', 1, '102.213.68.161', 'Expo/1017697 CFNetwork/1333.0.4 Darwin/21.5.0', 1, '2025-06-27 09:14:19'),
(97, 'sanbu', 0, '102.213.69.76', NULL, 1, '2025-06-27 10:32:27'),
(98, 'sanbu', 0, '102.213.69.76', NULL, 1, '2025-06-27 10:32:35'),
(99, 'betse', 1, '102.213.69.185', NULL, 1, '2025-06-27 12:53:14'),
(100, 'betse', 1, '196.188.254.167', NULL, 1, '2025-06-27 17:59:43'),
(101, 'betse', 1, '102.213.69.106', 'Mozilla/5.0 (Linux; Android 6.0; Nexus 5 Build/MRA58N) AppleWebKit/537.36 (KHTML, like Gecko) Chrome/137.0.0.0 Mobile Safari/537.36 Edg/137.0.0.0', 1, '2025-06-27 19:10:49'),
(102, 'betse', 1, '196.191.223.16', NULL, 1, '2025-06-28 18:50:24'),
(103, 'bire', 0, '102.213.68.94', NULL, NULL, '2025-06-28 18:54:53'),
(104, 'betse', 1, '102.213.68.161', NULL, 1, '2025-06-29 08:04:21'),
(105, 'betse', 1, '102.213.68.161', NULL, 1, '2025-06-29 08:04:21'),
(106, 'betse', 1, '102.213.68.161', NULL, 1, '2025-06-29 08:17:57'),
(107, 'bire', 0, '102.208.96.169', NULL, NULL, '2025-06-29 10:00:36'),
(108, 'betse', 1, '102.208.96.169', NULL, 1, '2025-06-29 10:00:45'),
(109, 'betse', 1, '102.208.96.169', NULL, 1, '2025-06-29 10:00:45'),
(110, 'betse', 1, '196.188.252.158', NULL, 1, '2025-06-29 19:20:35'),
(111, 'betse', 1, '196.188.253.133', NULL, 1, '2025-07-01 21:47:22'),
(112, 'betse', 1, '102.208.96.114', 'Expo/1017697 CFNetwork/1333.0.4 Darwin/21.5.0', 1, '2025-07-03 13:51:24'),
(113, 'betse', 1, '102.208.96.114', 'Expo/1017697 CFNetwork/1333.0.4 Darwin/21.5.0', 1, '2025-07-03 13:55:50'),
(114, 'bire', 0, '102.213.69.109', NULL, NULL, '2025-07-05 10:05:54'),
(115, 'betse', 1, '102.213.69.109', NULL, 1, '2025-07-05 10:06:01'),
(116, 'betse', 1, '102.213.68.110', 'Expo/1017697 CFNetwork/1333.0.4 Darwin/21.5.0', 1, '2025-07-06 21:18:07'),
(117, 'sanbu', 1, '102.213.69.168', 'Expo/1017697 CFNetwork/1333.0.4 Darwin/21.5.0', 1, '2025-07-07 12:57:09'),
(118, 'betse', 1, '102.213.69.168', 'Expo/1017697 CFNetwork/1333.0.4 Darwin/21.5.0', 1, '2025-07-07 12:58:12'),
(119, 'betse', 1, '102.218.50.21', NULL, 1, '2025-07-08 13:57:16'),
(120, 'betse', 1, '102.218.50.21', NULL, 1, '2025-07-08 14:00:28'),
(121, 'betse', 1, '102.218.50.206', 'Expo/1017697 CFNetwork/1333.0.4 Darwin/21.5.0', 1, '2025-07-09 05:35:14'),
(122, 'betse', 1, '102.213.68.16', 'okhttp/4.9.2', 1, '2025-07-09 05:53:18'),
(123, 'Biri', 0, '196.188.253.226', 'okhttp/4.9.2', NULL, '2025-07-09 09:24:52'),
(124, 'Biri', 0, '196.188.253.226', 'okhttp/4.9.2', NULL, '2025-07-09 09:25:02'),
(125, 'Betse', 1, '196.188.253.226', 'okhttp/4.9.2', 1, '2025-07-09 10:30:12'),
(126, 'betse', 1, '102.208.96.44', 'okhttp/4.9.2', 1, '2025-07-09 14:41:24'),
(127, 'betse', 1, '196.188.253.226', 'okhttp/4.9.2', 1, '2025-07-09 20:13:49'),
(128, 'betse', 1, '102.208.96.243', NULL, 1, '2025-07-10 06:26:45'),
(129, 'betse', 1, '102.208.96.243', NULL, 1, '2025-07-10 07:08:46'),
(130, 'betse', 1, '196.188.254.222', NULL, 1, '2025-07-10 14:10:29'),
(131, 'betse', 1, '196.188.254.222', 'okhttp/4.9.2', 1, '2025-07-10 16:33:32'),
(132, 'betse', 1, '196.188.254.128', NULL, 1, '2025-07-11 16:39:26'),
(133, 'kxtyqh', 0, '66.102.7.32', 'okhttp/4.9.2', NULL, '2025-07-11 18:44:33'),
(134, 'ewlwqh', 0, '66.102.7.40', 'okhttp/4.9.2', NULL, '2025-07-11 18:45:12'),
(135, 'ewlwqh', 0, '66.102.7.40', 'okhttp/4.9.2', NULL, '2025-07-11 18:45:31'),
(136, 'bsmoyj', 0, '66.102.7.40', 'okhttp/4.9.2', NULL, '2025-07-11 18:46:11'),
(137, 'eomsdv', 0, '66.102.7.41', 'okhttp/4.9.2', NULL, '2025-07-11 18:46:59'),
(138, 'eomsdv', 0, '66.102.7.40', 'okhttp/4.9.2', NULL, '2025-07-11 18:47:12'),
(139, 'betse', 1, '102.218.50.237', NULL, 1, '2025-07-12 10:21:15'),
(140, 'sanbu', 1, '196.188.252.44', 'okhttp/4.9.2', 1, '2025-07-12 14:30:43'),
(141, 'betse', 1, '196.189.127.71', NULL, 1, '2025-07-12 21:14:03'),
(142, 'sanbu', 1, '196.188.254.88', 'okhttp/4.9.2', 1, '2025-07-14 11:45:45'),
(143, 'betse', 1, '196.188.253.182', NULL, 1, '2025-07-14 13:39:47'),
(144, 'betse', 1, '102.208.96.54', NULL, 1, '2025-07-15 06:46:27'),
(145, 'sanbu', 1, '102.208.96.105', 'Expo/1017697 CFNetwork/1333.0.4 Darwin/21.5.0', 1, '2025-07-15 07:00:04'),
(146, 'betse', 1, '102.208.96.105', 'Expo/1017697 CFNetwork/1333.0.4 Darwin/21.5.0', 1, '2025-07-15 08:50:02'),
(147, 'betse', 1, '102.218.51.122', 'Mozilla/5.0 (Windows NT 10.0; Win64; x64) AppleWebKit/537.36 (KHTML, like Gecko) Chrome/131.0.0.0 Safari/537.36 Edg/131.0.0.0', 1, '2025-07-15 11:49:33'),
(148, 'betse', 1, '196.190.61.218', NULL, 1, '2025-07-15 17:18:02'),
(149, 'betse', 1, '196.190.61.218', 'okhttp/4.9.2', 1, '2025-07-16 14:25:31'),
(150, 'betse', 1, '196.188.252.242', NULL, 1, '2025-07-17 16:27:03'),
(151, 'betse', 1, '102.213.69.71', NULL, 1, '2025-07-18 07:05:14');

-- --------------------------------------------------------

--
-- Table structure for table `organizations`
--

CREATE TABLE `organizations` (
  `id` int(11) NOT NULL,
  `name` varchar(255) NOT NULL,
  `created_at` timestamp NULL DEFAULT current_timestamp(),
  `owner_user_id` int(11) DEFAULT NULL
) ENGINE=InnoDB DEFAULT CHARSET=utf8mb4 COLLATE=utf8mb4_unicode_ci;

--
-- Dumping data for table `organizations`
--

INSERT INTO `organizations` (`id`, `name`, `created_at`, `owner_user_id`) VALUES
(1, 'Betse Spare Parts', '2025-06-10 13:10:12', 1),
(2, 'habte_coca', '2025-06-23 14:40:38', 5);

-- --------------------------------------------------------

--
-- Table structure for table `products`
--

CREATE TABLE `products` (
  `id` int(11) NOT NULL,
  `name` varchar(100) NOT NULL,
  `description` mediumtext DEFAULT NULL,
  `category` varchar(50) DEFAULT NULL,
  `import_price` decimal(10,2) NOT NULL,
  `selling_price` decimal(10,2) NOT NULL,
  `organization_id` int(11) NOT NULL,
  `created_at` timestamp NULL DEFAULT current_timestamp(),
  `updated_at` timestamp NULL DEFAULT NULL ON UPDATE current_timestamp()
) ENGINE=InnoDB DEFAULT CHARSET=utf8mb4 COLLATE=utf8mb4_unicode_ci;

--
-- Dumping data for table `products`
--

INSERT INTO `products` (`id`, `name`, `description`, `category`, `import_price`, `selling_price`, `organization_id`, `created_at`, `updated_at`) VALUES
(11, 'Battery 60Am', 'Gs', 'battery', '11200.00', '11500.00', 1, '2025-06-14 14:50:54', '2025-07-13 19:38:31'),
(12, 'Battery 90Am', 'Gs', 'battery', '15700.00', '16000.00', 1, '2025-06-14 14:51:51', '2025-07-13 19:39:21'),
(13, 'Battery 35Am', 'Kontem', 'battery', '7000.00', '7500.00', 1, '2025-06-14 14:53:33', '2025-07-15 18:27:00'),
(14, 'Battery 150Am', 'Gs', 'battery', '28500.00', '30500.00', 1, '2025-06-14 18:31:09', '2025-07-15 17:31:00'),
(16, '11×90 compu 19 ቃዳዳ', 'አንሽ', 'balstera', '2400.00', '2600.00', 1, '2025-06-14 18:47:36', '2025-07-17 21:00:00'),
(17, '11×80 compu 19ቃዳዳ', 'anx', 'balstera', '2200.00', '2400.00', 1, '2025-06-14 18:48:44', '2025-07-17 21:06:01'),
(18, '11×70 comput', 'Turk', 'balstera', '2100.00', '2300.00', 1, '2025-06-14 18:50:07', '2025-06-18 11:55:46'),
(19, 'Fsr የፊት ብሪማ comput', 'COMP+ANEX', 'balstera', '4200.00', '4400.00', 1, '2025-06-14 18:52:45', '2025-07-17 21:46:50'),
(20, 'Fsr የፊት ሰኮንዶ comput', 'comp', 'balstera', '3900.00', '4200.00', 1, '2025-06-14 18:54:38', '2025-07-17 21:48:15'),
(21, '11×130 comp 22ቀደደ', 'Anex', 'balstera', '3300.00', '3500.00', 1, '2025-06-14 18:57:35', '2025-06-26 20:07:03'),
(22, '11×120 compu 22ቀደደ', 'turk', 'balstera', '2950.00', '3300.00', 1, '2025-06-14 19:01:18', '2025-06-24 17:25:57'),
(23, '11×110 comp 22ቀደደ', 'turk', 'balstera', '3000.00', '3200.00', 1, '2025-06-14 19:03:50', '2025-06-24 17:28:23'),
(24, '11×100 comp 22ቀደደ', 'turk', 'balstera', '2700.00', '3100.00', 1, '2025-06-14 19:06:19', '2025-07-15 17:40:14'),
(25, '11×90 compu 22ቀደደ', 'Compu', 'balstera', '2400.00', '2600.00', 1, '2025-06-14 19:08:07', '2025-07-17 21:01:56'),
(26, '11×130 comput 19ቀዳዳ', 'Turk', 'balstera', '3100.00', '3500.00', 1, '2025-06-14 19:14:49', '2025-07-17 16:50:08'),
(27, '11×120 compu 19ቃዳዳ', 'Turk', 'balstera', '2900.00', '3300.00', 1, '2025-06-14 19:17:02', '2025-07-17 17:01:43'),
(28, '11×110 comp', 'Turk', 'balstera', '2800.00', '3200.00', 1, '2025-06-14 19:18:36', '2025-06-24 17:47:19'),
(30, '10×110 compu', 'anx', 'balstera', '3000.00', '3200.00', 1, '2025-06-15 14:07:58', '2025-07-17 21:21:24'),
(31, 'Obam ብሪማ compu', 'Comp', 'balstera', '4200.00', '4300.00', 1, '2025-06-15 14:09:17', '2025-07-17 21:39:27'),
(32, 'Obam ሰኮንዶ compu', 'computer', 'balstera', '3200.00', '3500.00', 1, '2025-06-15 14:20:25', '2025-06-27 13:14:52'),
(33, 'Fsr የሆላ ብሪማ compu', 'Turk', 'balstera', '4200.00', '4400.00', 1, '2025-06-15 14:34:38', '2025-06-24 17:50:23'),
(34, 'Fsr የሆላ ሰኮንዶ compu', 'turk', 'balstera', '3900.00', '4200.00', 1, '2025-06-15 14:37:18', '2025-06-24 17:52:04'),
(35, '11×100 Dubai', 'Japan', 'balstera', '2700.00', '2800.00', 1, '2025-06-15 14:56:23', '2025-06-26 20:36:12'),
(36, '11×90 Dubai 19ቃዳዳ', 'Bronz', 'balstera', '2400.00', '2600.00', 1, '2025-06-15 14:59:04', '2025-07-17 21:03:38'),
(37, '11×80 Dubai 19ቃዳዳ', 'Jp', 'balstera', '2100.00', '2400.00', 1, '2025-06-15 15:02:41', '2025-07-17 21:08:00'),
(38, '11×70 Dubai', 'Jp', 'balstera', '1900.00', '2100.00', 1, '2025-06-15 15:06:13', '2025-06-24 18:00:25'),
(39, 'Fsr የፊት ብሪማ Dubai ', 'Jap+bronz', 'balstera', '4000.00', '4200.00', 1, '2025-06-15 15:10:27', '2025-06-28 21:29:23'),
(43, 'Fsr የፊት ሰኮንዶ Dubai', 'japa+Bronz', 'balstera', '3900.00', '4200.00', 1, '2025-06-15 15:37:38', '2025-06-28 21:36:44'),
(45, 'Fsr የሆላ ሰኮንዶ duba', 'Bronz', 'balstera', '3900.00', '4100.00', 1, '2025-06-16 21:22:15', '2025-06-24 18:18:14'),
(46, '11×130 duba 22ቀደደ', 'Bronz', 'balstera', '3100.00', '3300.00', 1, '2025-06-16 21:24:36', '2025-06-26 21:00:00'),
(47, '11×130 dubai 19ቀደደ', 'japn', 'balstera', '3100.00', '3300.00', 1, '2025-06-16 21:26:38', '2025-06-26 21:01:09'),
(48, '11×120duba 22ቀደደ', 'jp', 'balstera', '3000.00', '3200.00', 1, '2025-06-16 21:27:37', '2025-06-26 21:03:40'),
(49, '11×120duba 19ቀደደ', 'Jpan', 'balstera', '3000.00', '3300.00', 1, '2025-06-16 21:36:28', '2025-06-18 11:55:46'),
(50, '11×110dubai 22ቀደደ', 'Bronz', 'balstera', '2900.00', '3100.00', 1, '2025-06-16 21:37:58', '2025-06-26 21:06:10'),
(51, '11×110duba19ቀደደ', 'Bron', 'balstera', '2900.00', '3100.00', 1, '2025-06-16 21:39:39', '2025-06-26 21:07:07'),
(52, '11×100duba 22ቀደደ', 'japn', 'balstera', '2700.00', '2900.00', 1, '2025-06-16 21:41:20', '2025-06-18 11:55:46'),
(53, '11×90dubai 22ቀደደ', 'bronz', 'balstera', '2500.00', '2700.00', 1, '2025-06-16 21:42:02', '2025-06-18 11:55:46'),
(54, 'Oba ብሪማ dubai', 'Jp', 'balstera', '4000.00', '4200.00', 1, '2025-06-17 17:49:38', '2025-07-17 21:40:50'),
(55, 'Obam ሰኮንዶ duba', 'Jp', 'balstera', '2800.00', '3000.00', 1, '2025-06-17 17:50:26', '2025-06-18 11:55:46'),
(56, '10×120dubai', 'Jp', 'balstera', '2750.00', '3000.00', 1, '2025-06-17 17:55:28', '2025-06-18 11:55:46'),
(57, '10×110duba', 'Jp', 'balstera', '2650.00', '2900.00', 1, '2025-06-17 18:00:56', '2025-06-18 11:55:46'),
(58, '10×100 dubai', 'Jp', 'balstera', '2600.00', '2800.00', 1, '2025-06-17 18:03:15', '2025-06-26 21:17:24'),
(59, '10×90 dubai', 'Jp', 'balstera', '2400.00', '2600.00', 1, '2025-06-17 18:06:40', '2025-06-26 21:19:06'),
(60, '10×80dubai', 'Jp', 'balstera', '2100.00', '2300.00', 1, '2025-06-17 18:10:25', '2025-07-17 21:09:38'),
(61, '10×70dubai', 'Jp', 'balstera', '1800.00', '2000.00', 1, '2025-06-17 18:11:20', '2025-06-24 18:32:13'),
(64, 'fsr loc ቦኮላ', 'local', 'accessory', '230.00', '250.00', 1, '2025-06-21 10:58:50', '2025-06-24 18:33:46'),
(65, 'fsr ቦኮላ org', 'bale kartonu', 'accessory', '270.00', '300.00', 1, '2025-06-21 11:03:14', '2025-06-26 13:43:11'),
(66, 'fsr የሆላ ካራኪኖ በለከረቶን', 'balekarton', 'accessory', '130.00', '150.00', 1, '2025-06-21 11:04:36', '2025-06-24 18:38:25'),
(67, 'fsr org የፊት ካርኪኖ', 'orgenal', 'accessory', '190.00', '200.00', 1, '2025-06-21 11:19:40', '2025-06-21 14:37:10'),
(68, 'fsr loc የሆላ ካርኪኖ', 'local', 'accessory', '60.00', '100.00', 1, '2025-06-21 13:33:48', '2025-06-21 14:45:06'),
(69, 'fsr  ማላሽ የሲኖ', 'ya sino', 'accessory', '2500.00', '2800.00', 1, '2025-06-21 13:39:25', '2025-07-13 19:54:08'),
(70, 'fsr መላሽ የፋብርካ', 'yafbrica', 'accessory', '2800.00', '3300.00', 1, '2025-06-21 13:41:58', '2025-06-26 13:50:05'),
(71, 'fsr መላሽ ቢይዱ', 'local', 'accessory', '700.00', '750.00', 1, '2025-06-21 13:43:49', '2025-06-26 13:51:08'),
(72, 'fsr ማላሽ ሸክለዉ', 'org', 'accessory', '1550.00', '1600.00', 1, '2025-06-21 14:47:14', '2025-07-17 22:11:15'),
(73, 'fsr የፊት ፒን', 'org', 'accessory', '360.00', '400.00', 1, '2025-06-21 14:55:59', NULL),
(74, 'fsr የሆላ ፒን', 'ኦርግ', 'accessory', '360.00', '400.00', 1, '2025-06-21 14:57:50', NULL),
(75, 'fsr ሸኒሲ ታላጣፊ loc', 'shaklaw', 'accessory', '1550.00', '1650.00', 1, '2025-06-21 15:04:29', '2025-07-17 23:14:29'),
(76, 'fsr ሻኒሲ ታላጣፊ loc', 'yemserw', 'accessory', '950.00', '1200.00', 1, '2025-06-21 15:06:46', '2025-06-27 10:33:14'),
(77, 'fsr ሻኒሲ ታላጣፊ የፋቢሪካ', 'አሮግ', 'accessory', '3500.00', '3800.00', 1, '2025-06-21 15:11:18', '2025-06-24 19:48:32'),
(78, 'fsr 5ቃዳዳ ማዳበ org', 'shaklaw', 'accessory', '2450.00', '2600.00', 1, '2025-06-21 15:15:08', '2025-06-21 17:43:04'),
(79, 'fsr 5ቀዳዳ ማዳቢ  የፋብረካ', 'አሮገ', 'accessory', '5500.00', '6000.00', 1, '2025-06-21 15:53:06', '2025-06-24 22:05:16'),
(80, 'fsr ሸንሲ ታላጣፊ የፋቢሪካ', 'aroge', 'accessory', '3500.00', '4000.00', 1, '2025-06-21 15:59:15', NULL),
(81, 'fsr 6ቃዳዳ ማዳብ org', 'shakilw', 'accessory', '2900.00', '3300.00', 1, '2025-06-21 16:03:55', '2025-06-28 09:52:53'),
(82, 'fsr 6 ቃዳዳ ማዳቢ የፋብሪካ', 'aroge', 'accessory', '6500.00', '7000.00', 1, '2025-06-21 16:12:40', NULL),
(83, 'fsr የፊት ስታፋ', 'jp', 'accessory', '420.00', '450.00', 1, '2025-06-21 17:59:39', NULL),
(84, 'fsr የሆላ ስታፋ', 'jp', 'accessory', '600.00', '650.00', 1, '2025-06-21 18:06:24', '2025-06-24 22:07:59'),
(85, 'fsr የፊት ታኒጣልጣይ org', 'yetasraw', 'accessory', '600.00', '700.00', 1, '2025-06-21 18:09:29', '2025-06-28 09:35:10'),
(86, 'fsr የፊቲ ታኒጣልጣይ የፋቢሪካ ', 'aroge', 'accessory', '2500.00', '3000.00', 1, '2025-06-21 18:14:29', NULL),
(87, 'fsr የሆላ ታንጣልጣይ org', 'jp', 'accessory', '1500.00', '1600.00', 1, '2025-06-21 18:22:14', NULL),
(88, 'fsr የሆላ ታንጣልጣየ የፋብሪካ', 'aroge', 'accessory', '2200.00', '2500.00', 1, '2025-06-21 18:24:34', '2025-06-24 22:10:55'),
(89, 'fsr የፊት ፓራ ኮልቦ loc', 'loca', 'accessory', '500.00', '700.00', 1, '2025-06-21 18:30:54', NULL),
(90, 'fsr የፊት ፓራ ኮልቦ የፍብሪካ', 'aroge', 'accessory', '2800.00', '3300.00', 1, '2025-06-21 18:38:57', NULL),
(91, 'fsr የሻንስ ስታፍ', 'jp', 'accessory', '1000.00', '1200.00', 1, '2025-06-21 18:44:26', NULL),
(92, 'fsr አክስሰሪ ማጨርሸ ናው', 'jp', 'accessory', '10.00', '10.00', 1, '2025-06-21 18:48:26', NULL),
(93, 'oba የፊት ካርክኖ', 'jp', 'accessory', '70.00', '100.00', 1, '2025-06-21 18:59:08', NULL),
(94, 'oba የሆላ ካርክኖ', '', 'accessory', '110.00', '150.00', 1, '2025-06-21 19:09:02', '2025-06-26 16:29:13'),
(95, '24 ፒን', '', 'accessory', '140.00', '150.00', 1, '2025-06-21 19:11:08', NULL),
(96, '27 ፒን', '', 'accessory', '140.00', '150.00', 1, '2025-06-21 19:12:37', NULL),
(97, 'oba የፊት ስታፍ', '', 'accessory', '250.00', '300.00', 1, '2025-06-21 19:14:26', '2025-06-28 09:51:06'),
(98, 'oba የሆላ ስታፍ', '', 'accessory', '420.00', '450.00', 1, '2025-06-21 19:18:43', NULL),
(99, 'oba 24 ቦኮላ local', 'loc', 'accessory', '230.00', '250.00', 1, '2025-06-21 19:20:15', '2025-06-26 16:35:31'),
(100, 'oba 24 ቦኮላ japan', 'kay pestal', 'accessory', '350.00', '400.00', 1, '2025-06-21 19:29:03', NULL),
(101, 'oba 24 ቦኮላ gareman', 'kay', 'accessory', '370.00', '400.00', 1, '2025-06-21 19:30:21', NULL),
(102, 'oba 27 ቦኮላ local', 'nachi', 'accessory', '220.00', '250.00', 1, '2025-06-21 19:33:45', NULL),
(104, 'oba 27 ቦኮላ gareman', 'mulu kay', 'accessory', '370.00', '400.00', 1, '2025-06-21 19:46:45', NULL),
(105, 'oba ታስካኪ local', 'nachi', 'accessory', '220.00', '250.00', 1, '2025-06-21 19:55:31', NULL),
(107, 'oba ታስካኪ german', 'kay', 'accessory', '380.00', '400.00', 1, '2025-06-21 19:58:38', NULL),
(108, 'oba ማላሽ org', 'org', 'accessory', '620.00', '650.00', 1, '2025-06-21 20:05:46', '2025-06-26 16:46:43'),
(109, 'oba ማላሽ የፋብሪካ', 'aroge', 'accessory', '2800.00', '3300.00', 1, '2025-06-21 20:10:07', NULL),
(110, 'oba የፊት ታንጣልጣይ', 'org', 'accessory', '230.00', '250.00', 1, '2025-06-21 20:14:31', '2025-06-21 20:22:30'),
(111, 'oba የፊት ታንጣልጣይ የፋብርካ', 'aroge', 'accessory', '1000.00', '1300.00', 1, '2025-06-21 20:20:00', NULL),
(112, 'oba የሆላ ታንጣልጣይ', '', 'accessory', '230.00', '250.00', 1, '2025-06-21 20:21:56', NULL),
(113, 'oba የሆላ ታንጣልጣይ የፋብሪካ ሙሉ', '', 'accessory', '1000.00', '1300.00', 1, '2025-06-21 20:24:43', '2025-06-26 16:54:32'),
(114, 'oba ማላሽ ጎሚን ትልቁ', 'local', 'accessory', '70.00', '100.00', 1, '2025-06-22 15:37:31', '2025-06-27 11:47:51'),
(115, 'oba ማላሽ ጎሚን ትንሹ', 'loc', 'accessory', '50.00', '75.00', 1, '2025-06-22 15:39:27', '2025-06-22 15:40:55'),
(116, 'oba ማላሽ ጎሚን org', 'jp', 'accessory', '500.00', '550.00', 1, '2025-06-22 15:45:50', '2025-06-26 16:58:07'),
(117, 'ፋሸታ', 'hager wusit', 'balstera', '55.00', '75.00', 1, '2025-06-22 17:10:01', NULL),
(118, 'oba accesser', '', 'accessory', '5.00', '7.00', 1, '2025-06-22 17:12:41', NULL),
(119, 'oba asse', '', 'accessory', '5.00', '10.00', 1, '2025-06-22 17:13:36', NULL),
(120, 'ክሪክ የበት መክና', '', 'accessory', '900.00', '1200.00', 1, '2025-06-22 17:18:31', NULL),
(121, 'ክሪክ 10 ton', '', 'accessory', '2500.00', '3000.00', 1, '2025-06-22 17:19:58', '2025-06-27 17:44:08'),
(122, 'ክሪክ 20 ton', '', 'accessory', '4300.00', '4600.00', 1, '2025-06-22 17:22:05', '2025-06-27 17:44:41'),
(123, 'ክሪክ 32 ton', '', 'accessory', '4800.00', '5100.00', 1, '2025-06-22 17:24:54', '2025-06-27 17:45:02'),
(124, 'ግሪስ መጠጫ ብጨው', '', 'accessory', '800.00', '1100.00', 1, '2025-06-22 17:29:32', NULL),
(125, 'ግሪስ መጠጫ ቀዩ', '', 'balstera', '1400.00', '1800.00', 1, '2025-06-22 17:34:37', NULL),
(126, 'ግሪስ መጠጫ ባላ ስጥኑ', '', 'balstera', '2200.00', '2400.00', 1, '2025-06-22 17:36:08', NULL),
(127, 'belt ትልቁ', '', 'balstera', '800.00', '1000.00', 1, '2025-06-22 17:46:29', NULL),
(128, 'belt ትንሹ', '', 'accessory', '400.00', '600.00', 1, '2025-06-22 17:47:28', NULL),
(129, 'fsr የፊት[የግንባሪ] መስታዎት ', '', 'mestawet', '17000.00', '18000.00', 1, '2025-06-22 17:57:19', NULL),
(130, 'oba የፊት[የግንባሪ] መስታዎት', 'euro glace', 'mestawet', '17000.00', '18500.00', 1, '2025-06-22 18:00:02', '2025-07-15 18:19:05'),
(131, 'ቅንጂት የግንባሪ መስታዎ ', 'finland', 'mestawet', '13000.00', '15000.00', 1, '2025-06-23 12:44:06', '2025-07-15 20:20:03'),
(132, 'fsr የበር ማስታዎት right', 'euroglace', 'mestawet', '6500.00', '7000.00', 1, '2025-06-23 14:25:00', NULL),
(133, 'fsr የበር ማስታዎት left', 'euroglace', 'mestawet', '6500.00', '700.00', 1, '2025-06-23 14:27:17', NULL),
(134, 'oba የበር ማስታዎት righ', 'euroglace', 'mestawet', '6500.00', '7000.00', 1, '2025-06-23 14:30:03', NULL),
(135, 'oba የበር ማስታዎት left', 'euroglace', 'mestawet', '6500.00', '7000.00', 1, '2025-06-23 14:45:32', NULL),
(136, 'ቅንጅት የበር ማስታዎት righ', '', 'mestawet', '4500.00', '5500.00', 1, '2025-06-23 14:48:06', NULL),
(137, 'ቅንጅት የበር ማስታዎት  left', 'euroglace', 'mestawet', '4500.00', '5500.00', 1, '2025-06-23 14:49:59', NULL),
(138, 'ኮካ bottle fanta', '', 'Uncategorized', '570.00', '600.00', 2, '2025-06-23 14:51:49', '2025-06-23 15:03:42'),
(139, 'ኮካ pt 1.5', '', 'Uncategorized', '810.00', '970.00', 2, '2025-06-23 14:59:10', NULL),
(140, 'fsr ቻርከ የታስርው local', 'local', 'cherke', '7300.00', '7800.00', 1, '2025-06-23 15:01:45', NULL),
(141, 'ኮካ bottle sprite', '', 'Uncategorized', '570.00', '600.00', 2, '2025-06-23 15:04:24', NULL),
(142, 'fsr ቻርከ topu org', 'topu orgenal', 'cherke', '14500.00', '15000.00', 1, '2025-06-23 15:04:34', '2025-06-27 17:50:41'),
(143, 'Coce', '', 'Uncategorized', '570.00', '600.00', 2, '2025-06-23 15:17:03', NULL),
(144, 'oba ቻርከ የታስርው local', 'yetasra', 'cherke', '5000.00', '5500.00', 1, '2025-06-23 15:27:40', NULL),
(145, 'oba ቻርከ እሽጉ topu org', 'topu orginal', 'cherke', '8800.00', '9100.00', 1, '2025-06-23 15:30:40', NULL),
(146, 'ቅንጅት ቻርከ እሽጉ topu org', 'topu org', 'cherke', '8800.00', '9400.00', 1, '2025-06-23 15:34:18', NULL),
(147, 'fsr ቻሪኪ ud', 'ye ud', 'cherke', '15000.00', '16000.00', 1, '2025-06-23 15:51:11', NULL),
(148, '30ቁ ቡሎን ኦሪጅናል', 'kay', 'blon', '250.00', '300.00', 1, '2025-06-23 16:08:21', '2025-06-23 17:55:41'),
(149, '27ቁ ቡሎን ኦሪጅናል', ' kay', 'blon', '170.00', '200.00', 1, '2025-06-23 16:15:07', '2025-06-23 16:45:57'),
(150, '24ቁ ቡሎን ኦሪጅናል', '', 'blon', '100.00', '150.00', 1, '2025-06-23 16:24:00', NULL),
(151, '22ቁ ቡሎን ኦሪጅናል', '', 'blon', '100.00', '150.00', 1, '2025-06-23 16:27:01', NULL),
(152, '19ቁ ቡሎን ኦሪጅናል', '', 'blon', '75.00', '100.00', 1, '2025-06-23 16:28:27', NULL),
(153, '17ቁ ቡሎን ኦሪጅናል', '', 'blon', '75.00', '100.00', 1, '2025-06-23 16:36:14', NULL),
(154, '10ቁ ቡሎን local', 'loc', 'blon', '10.00', '20.00', 1, '2025-06-23 17:30:52', NULL),
(155, '13ቁ ቡሎን local', 'loc', 'blon', '20.00', '25.00', 1, '2025-06-23 17:33:30', NULL),
(156, '17ቁ ቡሎን local', 'bulon', 'blon', '30.00', '40.00', 1, '2025-06-23 17:36:38', NULL),
(157, '19ቁ ቡሎን local', 'bulon', 'blon', '30.00', '50.00', 1, '2025-06-23 17:39:40', NULL),
(158, '22ቁ ቡሎን local', '', 'blon', '40.00', '60.00', 1, '2025-06-23 17:41:26', NULL),
(159, '24ቁ ቡሎን local', '', 'blon', '50.00', '75.00', 1, '2025-06-23 17:44:23', NULL),
(160, '27ቁ ቡሎን local', '', 'blon', '100.00', '150.00', 1, '2025-06-23 17:49:56', NULL),
(161, '30ቁ ቡሎን local', '', 'blon', '200.00', '250.00', 1, '2025-06-23 17:53:44', NULL),
(162, '8/10/13 ዳዶ', '', 'blon', '5.00', '10.00', 1, '2025-06-23 17:57:21', NULL),
(163, '17/19 ዳዶ', '', 'blon', '15.00', '20.00', 1, '2025-06-23 17:59:02', NULL),
(164, '22/24/27', '', 'blon', '40.00', '50.00', 1, '2025-06-23 18:00:42', NULL),
(165, 'Battery 70AM', 'GS ORG', 'battery', '12500.00', '12800.00', 1, '2025-06-23 19:47:39', NULL),
(166, 'nebula', 'y', 'accessory', '1200.00', '2700.00', 1, '2025-06-24 11:36:56', NULL),
(167, 'productia', 'y', 'mestawet', '3700.00', '4699.00', 1, '2025-06-24 11:38:19', '2025-06-26 13:06:32'),
(168, 'መፈቻ 10በ11', '', 'accessory', '120.00', '150.00', 1, '2025-06-26 13:40:35', NULL),
(169, 'ግሪስ መጠጫ ቀዩ', '', 'accessory', '1800.00', '2000.00', 1, '2025-06-26 19:09:41', NULL),
(170, 'ግሪስ መጠጫ በለ ሰጥኑ', '', 'accessory', '2100.00', '2300.00', 1, '2025-06-26 19:10:59', NULL),
(171, 'ግሪስ መጠጨ ቱቦ', '', 'accessory', '100.00', '150.00', 1, '2025-06-26 19:12:22', NULL),
(172, 'የበሪ ቁልፈ', '', 'accessory', '600.00', '1000.00', 1, '2025-06-26 19:14:10', NULL),
(173, 'oba ሸንስ ሰተፈ', '', 'accessory', '700.00', '800.00', 1, '2025-06-26 19:18:07', NULL),
(174, 'oba ፓረ ኮልቦ local', '', 'accessory', '450.00', '500.00', 1, '2025-06-26 19:20:13', NULL),
(175, 'Oba የሆላ መደብ R', '', 'accessory', '4000.00', '4500.00', 1, '2025-06-26 19:21:51', NULL),
(176, 'Oba የሆላ መደብ L', '', 'accessory', '4000.00', '4500.00', 1, '2025-06-26 19:22:28', NULL),
(177, 'ቅንጅት የሆላ መደብ R', '', 'accessory', '1.00', '2.00', 1, '2025-06-26 19:24:07', NULL),
(178, 'ቅንጅት የሆላ መደብ L', '', 'accessory', '1.00', '2.00', 1, '2025-06-26 19:24:47', NULL),
(179, 'ፈሼታ', '', 'accessory', '50.00', '75.00', 1, '2025-06-26 19:27:28', NULL),
(180, 'የክስ ምለጭ', '', 'accessory', '80.00', '100.00', 1, '2025-06-26 19:28:51', NULL),
(181, 'oba ፓራ ኮልቦ የፈብሪካ', '', 'accessory', '2800.00', '3200.00', 1, '2025-06-26 19:30:07', NULL),
(183, '11×100 Comp 19ቃዳዳ', 'anx', 'balstera', '2600.00', '2800.00', 1, '2025-06-26 19:57:27', '2025-07-17 20:46:14'),
(184, 'Oba በሊስትሪን ሙሉ japan', 'Japan', 'balstera', '1.00', '2.00', 1, '2025-06-26 21:23:18', NULL),
(185, '11×135', 'Bronz', 'balstera', '3400.00', '3600.00', 1, '2025-06-26 21:28:40', '2025-07-17 21:36:57'),
(186, 'ቅ/የፊት ብሪማ', 'jp&bro', 'balstera', '2400.00', '2600.00', 1, '2025-06-26 21:32:00', NULL),
(187, 'ቅ/የፊት ሰኮንዶ', 'jp', 'balstera', '2200.00', '2400.00', 1, '2025-06-26 21:34:57', NULL),
(188, 'ቅ/የሆላ ብሪማ Bronz', 'Bronz', 'balstera', '3000.00', '3200.00', 1, '2025-06-26 21:39:04', NULL),
(189, 'ቅ/የሆላ ሰኮንዶ bronz', 'Bronz', 'balstera', '2900.00', '3000.00', 1, '2025-06-26 21:40:42', NULL),
(190, '9×120', 'Bro', 'balstera', '2500.00', '2700.00', 1, '2025-06-26 21:42:56', NULL),
(191, '9×80 bronz', 'Bronz', 'balstera', '2200.00', '2300.00', 1, '2025-06-26 21:46:06', NULL),
(192, '10×100 comp ', 'Anx', 'balstera', '2600.00', '2700.00', 1, '2025-06-26 21:56:08', '2025-07-17 20:48:33'),
(193, '10×90 comp', 'Anx', 'balstera', '2400.00', '2500.00', 1, '2025-06-26 21:58:36', '2025-07-17 20:56:25'),
(194, '10×80 compu', 'Anx', 'balstera', '2000.00', '2300.00', 1, '2025-06-26 22:06:48', '2025-07-17 21:11:14'),
(195, '10×70 comp', 'Com', 'balstera', '2000.00', '2100.00', 1, '2025-06-26 22:08:26', NULL),
(196, '14$15 ፊሳ ', '', 'blon', '200.00', '250.00', 1, '2025-06-28 09:07:21', '2025-06-29 20:43:45'),
(197, '30$32', '', 'blon', '350.00', '400.00', 1, '2025-06-28 09:08:52', '2025-06-29 20:43:18'),
(198, '24$27', '', 'blon', '300.00', '350.00', 1, '2025-06-28 09:09:50', NULL),
(199, '22$24', '', 'blon', '260.00', '300.00', 1, '2025-06-28 09:24:58', '2025-06-29 20:41:34'),
(200, '22$22 ፊስ ሲተላ', '', 'blon', '250.00', '300.00', 1, '2025-06-28 09:30:00', '2025-06-29 20:41:17'),
(201, '19$19 ሜንዞ', '', 'blon', '230.00', '250.00', 1, '2025-06-28 09:34:02', '2025-06-29 20:40:50'),
(202, '17$19 ፈስ', '', 'blon', '220.00', '250.00', 1, '2025-06-28 09:34:52', '2025-06-29 20:40:22'),
(203, '17$19 ሰተላ', '', 'blon', '220.00', '250.00', 1, '2025-06-28 09:36:17', '2025-06-29 20:33:53'),
(204, '14$15 ሲተላ', '', 'blon', '200.00', '250.00', 1, '2025-06-28 09:37:12', '2025-06-29 20:33:32'),
(205, '14$14 ሜንዞ', '', 'blon', '170.00', '200.00', 1, '2025-06-28 09:38:14', '2025-06-29 20:32:38'),
(206, '10$11 ሲተላ', '', 'blon', '160.00', '200.00', 1, '2025-06-28 09:39:34', '2025-06-29 20:31:54'),
(207, '10$11 ፈሰ', '', 'blon', '150.00', '200.00', 1, '2025-06-28 09:43:46', '2025-06-29 20:31:15'),
(208, '8$9 ሰተላ', '', 'blon', '130.00', '150.00', 1, '2025-06-28 09:45:00', '2025-06-29 20:30:44'),
(209, '8$9 ፈስ', '', 'blon', '125.00', '150.00', 1, '2025-06-28 09:46:10', '2025-06-29 20:29:03'),
(210, '8$8 ሜንዞ', '', 'blon', '125.00', '150.00', 1, '2025-06-28 09:47:06', '2025-06-29 20:28:40'),
(211, '6$7 ፈስ', '', 'blon', '120.00', '150.00', 1, '2025-06-28 09:53:26', '2025-06-29 20:28:10'),
(212, '24$24 ፈሰ ሲተላ', '', 'blon', '270.00', '300.00', 1, '2025-06-28 09:55:25', '2025-06-29 20:44:32'),
(213, 'Fsr ሸንስ ተለጠፊ org', 'Ye wuchi', 'accessory', '1700.00', '1750.00', 1, '2025-06-28 10:56:12', NULL),
(214, 'ባላ ብራቱ connecter 12', '', 'blon', '220.00', '300.00', 1, '2025-06-28 16:05:38', NULL),
(215, 'ባላ ብራቱ connecter 8', '', 'blon', '200.00', '250.00', 1, '2025-06-28 16:08:40', NULL),
(216, 'ባላ ብራቱ connecter 6', '', 'blon', '170.00', '200.00', 1, '2025-06-28 16:11:31', NULL),
(217, 'connecter ፒላስትክ ባላ  6', '', 'blon', '50.00', '100.00', 1, '2025-06-28 19:09:12', '2025-06-28 19:11:24'),
(218, 'connecter ፒላስትክ ባላ 8 ', '', 'blon', '40.00', '100.00', 1, '2025-06-28 19:12:28', NULL),
(219, 'connecter ፒላስትክ ባላ 10', '', 'blon', '50.00', '100.00', 1, '2025-06-28 20:07:00', NULL),
(220, 'connecter ፒላስትክ ባላ 12 ', '', 'blon', '60.00', '100.00', 1, '2025-06-28 20:08:43', NULL),
(221, 'connecter ፒላስትክ ባላ 14', '', 'blon', '75.00', '150.00', 1, '2025-06-28 20:09:36', NULL),
(222, 'connecter ፒላስትክ ባላ 16', '', 'blon', '100.00', '150.00', 1, '2025-06-28 20:14:46', NULL),
(223, 'አስድ suliferic', 'tikuru sulfa', 'battery', '7000.00', '8000.00', 1, '2025-07-02 07:45:19', NULL),
(224, 'Aabira', '', 'battery', '200.00', '400.00', 1, '2025-07-02 10:37:56', NULL),
(225, 'Abinab', '', 'balstera', '2500.00', '4500.00', 1, '2025-07-02 10:38:22', NULL),
(226, 'fsr የፊት ካርኪን', '', 'accessory', '200.00', '250.00', 1, '2025-07-15 20:00:25', NULL),
(227, 'oba ተሳከክ Garmeni', '', 'accessory', '700.00', '800.00', 1, '2025-07-17 16:24:13', NULL),
(228, '10×120 computer', 'com', 'balstera', '2900.00', '3200.00', 1, '2025-07-17 17:12:59', '2025-07-17 21:12:26'),
(229, 'fsr የፊት ብሪማ japan', 'japn still', 'balstera', '4000.00', '4200.00', 1, '2025-07-17 21:58:19', NULL),
(230, 'oba ባልስትሪን ሙሉ', 'japan', 'balstera', '11000.00', '11500.00', 1, '2025-07-17 22:02:00', NULL);

-- --------------------------------------------------------

--
-- Table structure for table `product_inventory`
--

CREATE TABLE `product_inventory` (
  `id` int(11) NOT NULL,
  `product_id` int(11) NOT NULL,
  `quantity` int(11) NOT NULL DEFAULT 0,
  `status` enum('ordered','in_store') NOT NULL DEFAULT 'ordered',
  `status_changed_at` timestamp NULL DEFAULT current_timestamp(),
  `created_at` timestamp NULL DEFAULT current_timestamp()
) ENGINE=InnoDB DEFAULT CHARSET=utf8mb4 COLLATE=utf8mb4_unicode_ci;

--
-- Dumping data for table `product_inventory`
--

INSERT INTO `product_inventory` (`id`, `product_id`, `quantity`, `status`, `status_changed_at`, `created_at`) VALUES
(35, 35, 4, 'in_store', '2025-06-30 17:49:58', '2025-06-15 14:56:23'),
(50, 50, 5, 'in_store', '2025-06-30 14:09:38', '2025-06-16 21:37:58'),
(55, 55, 1, 'in_store', '2025-06-27 18:52:14', '2025-06-17 17:50:26'),
(56, 56, 1, 'in_store', '2025-06-26 21:09:55', '2025-06-17 17:55:28'),
(57, 57, 2, 'in_store', '2025-06-26 21:12:52', '2025-06-17 18:00:56'),
(58, 58, 5, 'in_store', '2025-06-26 21:17:24', '2025-06-17 18:03:15'),
(59, 59, 3, 'in_store', '2025-06-28 15:51:32', '2025-06-17 18:06:40'),
(66, 66, 9, 'in_store', '2025-07-17 16:01:08', '2025-06-21 11:04:36'),
(67, 67, 14, 'in_store', '2025-07-17 16:03:44', '2025-06-21 11:19:40'),
(70, 70, 1, 'in_store', '2025-06-30 14:14:47', '2025-06-21 13:41:58'),
(71, 71, 3, 'in_store', '2025-07-17 16:10:41', '2025-06-21 13:43:49'),
(73, 73, 27, 'in_store', '2025-07-17 16:05:40', '2025-06-21 14:55:59'),
(76, 76, 3, 'in_store', '2025-07-17 16:13:58', '2025-06-21 15:06:46'),
(77, 77, 1, 'in_store', '2025-06-26 14:02:08', '2025-06-21 15:11:18'),
(79, 79, 1, 'in_store', '2025-06-24 22:05:16', '2025-06-21 15:53:06'),
(80, 80, 1, 'in_store', '2025-06-21 15:59:15', '2025-06-21 15:59:15'),
(82, 82, 1, 'in_store', '2025-06-21 16:12:40', '2025-06-21 16:12:40'),
(86, 86, 1, 'in_store', '2025-06-21 18:14:29', '2025-06-21 18:14:29'),
(88, 88, 3, 'in_store', '2025-06-26 16:21:15', '2025-06-21 18:24:34'),
(89, 89, 0, 'in_store', '2025-06-21 18:30:54', '2025-06-21 18:30:54'),
(90, 90, 3, 'in_store', '2025-06-26 16:22:09', '2025-06-21 18:38:57'),
(91, 91, 7, 'in_store', '2025-06-28 15:06:56', '2025-06-21 18:44:26'),
(92, 92, 100, 'in_store', '2025-06-21 18:48:26', '2025-06-21 18:48:26'),
(100, 100, 4, 'in_store', '2025-06-27 18:09:28', '2025-06-21 19:29:03'),
(109, 109, 0, 'in_store', '2025-06-26 16:47:03', '2025-06-21 20:10:07'),
(111, 111, 1, 'in_store', '2025-07-01 12:47:47', '2025-06-21 20:20:00'),
(116, 116, 9, 'in_store', '2025-07-17 15:25:25', '2025-06-22 15:45:50'),
(118, 118, 100, 'in_store', '2025-06-22 17:12:41', '2025-06-22 17:12:41'),
(119, 119, 50, 'in_store', '2025-06-22 17:13:36', '2025-06-22 17:13:36'),
(121, 121, 0, 'in_store', '2025-06-27 17:44:08', '2025-06-22 17:19:58'),
(122, 122, 1, 'in_store', '2025-06-27 17:44:41', '2025-06-22 17:22:05'),
(123, 123, 2, 'in_store', '2025-06-27 17:45:02', '2025-06-22 17:24:54'),
(125, 125, 2, 'in_store', '2025-06-22 17:34:37', '2025-06-22 17:34:37'),
(126, 126, 0, 'in_store', '2025-07-17 15:13:49', '2025-06-22 17:36:08'),
(129, 129, 2, 'in_store', '2025-06-22 17:57:19', '2025-06-22 17:57:19'),
(132, 132, 4, 'in_store', '2025-06-23 14:25:00', '2025-06-23 14:25:00'),
(133, 133, 4, 'in_store', '2025-06-23 14:27:17', '2025-06-23 14:27:17'),
(136, 136, 4, 'in_store', '2025-06-23 14:48:06', '2025-06-23 14:48:06'),
(137, 137, 4, 'in_store', '2025-06-23 14:49:59', '2025-06-23 14:49:59'),
(138, 138, 1, 'in_store', '2025-06-23 15:11:01', '2025-06-23 14:51:49'),
(139, 139, 950, 'in_store', '2025-06-23 15:26:36', '2025-06-23 14:59:10'),
(141, 141, 1700, 'in_store', '2025-06-23 15:08:04', '2025-06-23 15:04:24'),
(143, 143, 7000, 'in_store', '2025-06-23 15:17:03', '2025-06-23 15:17:03'),
(144, 144, 2, 'in_store', '2025-06-23 15:27:40', '2025-06-23 15:27:40'),
(147, 148, 1, 'in_store', '2025-06-23 16:08:21', '2025-06-23 16:08:21'),
(148, 149, 1, 'in_store', '2025-06-23 16:15:07', '2025-06-23 16:15:07'),
(149, 150, 50, 'in_store', '2025-06-23 16:24:00', '2025-06-23 16:24:00'),
(150, 151, 341, 'in_store', '2025-06-30 14:34:36', '2025-06-23 16:27:01'),
(151, 152, 98, 'in_store', '2025-06-30 17:34:18', '2025-06-23 16:28:27'),
(152, 153, 152, 'in_store', '2025-06-27 18:18:09', '2025-06-23 16:36:14'),
(153, 154, 495, 'in_store', '2025-06-23 17:30:52', '2025-06-23 17:30:52'),
(154, 155, 414, 'in_store', '2025-06-30 14:35:12', '2025-06-23 17:33:30'),
(155, 156, 393, 'in_store', '2025-06-30 14:44:39', '2025-06-23 17:36:38'),
(156, 157, 395, 'in_store', '2025-06-30 14:15:21', '2025-06-23 17:39:40'),
(157, 158, 300, 'in_store', '2025-06-23 17:41:26', '2025-06-23 17:41:26'),
(158, 159, 100, 'in_store', '2025-06-23 17:44:23', '2025-06-23 17:44:23'),
(159, 160, 30, 'in_store', '2025-06-23 17:49:56', '2025-06-23 17:49:56'),
(160, 161, 5, 'in_store', '2025-06-23 17:53:44', '2025-06-23 17:53:44'),
(161, 162, 1000, 'in_store', '2025-06-23 17:57:21', '2025-06-23 17:57:21'),
(162, 163, 500, 'in_store', '2025-06-23 17:59:02', '2025-06-23 17:59:02'),
(163, 164, 1000, 'in_store', '2025-06-23 18:00:42', '2025-06-23 18:00:42'),
(170, 166, 67, 'in_store', '2025-06-24 11:36:56', '2025-06-24 11:36:56'),
(171, 167, 7, 'in_store', '2025-07-02 01:06:59', '2025-06-24 11:38:19'),
(176, 168, 5, 'in_store', '2025-06-26 13:40:35', '2025-06-26 13:40:35'),
(179, 83, 5, 'in_store', '2025-07-17 15:55:10', '2025-06-26 15:49:41'),
(182, 120, 3, 'in_store', '2025-06-26 18:51:09', '2025-06-26 18:51:09'),
(184, 169, 2, 'in_store', '2025-06-26 19:09:41', '2025-06-26 19:09:41'),
(185, 170, 0, 'in_store', '2025-06-26 19:11:25', '2025-06-26 19:10:59'),
(186, 171, 26, 'in_store', '2025-07-17 15:18:07', '2025-06-26 19:12:22'),
(188, 173, 2, 'in_store', '2025-06-26 19:18:07', '2025-06-26 19:18:07'),
(189, 174, 9, 'in_store', '2025-06-29 21:09:58', '2025-06-26 19:20:13'),
(190, 175, 1, 'in_store', '2025-06-26 19:21:51', '2025-06-26 19:21:51'),
(191, 176, 0, 'in_store', '2025-06-26 19:23:07', '2025-06-26 19:22:28'),
(192, 177, 1, 'in_store', '2025-06-26 19:24:07', '2025-06-26 19:24:07'),
(193, 178, 1, 'in_store', '2025-06-26 19:24:47', '2025-06-26 19:24:47'),
(194, 179, 78, 'in_store', '2025-06-26 19:27:28', '2025-06-26 19:27:28'),
(195, 180, 0, 'in_store', '2025-06-26 19:28:51', '2025-06-26 19:28:51'),
(196, 181, 2, 'in_store', '2025-07-17 15:23:43', '2025-06-26 19:30:07'),
(199, 184, 1, 'in_store', '2025-06-26 21:23:18', '2025-06-26 21:23:18'),
(202, 187, 3, 'in_store', '2025-06-26 21:34:57', '2025-06-26 21:34:57'),
(203, 188, 4, 'in_store', '2025-06-26 21:39:04', '2025-06-26 21:39:04'),
(204, 189, 3, 'in_store', '2025-06-26 21:40:42', '2025-06-26 21:40:42'),
(205, 190, 0, 'in_store', '2025-06-26 21:43:24', '2025-06-26 21:42:56'),
(206, 191, 3, 'in_store', '2025-06-26 21:46:06', '2025-06-26 21:46:06'),
(210, 195, 5, 'in_store', '2025-06-26 22:08:26', '2025-06-26 22:08:26'),
(214, 196, 11, 'in_store', '2025-06-29 20:43:45', '2025-06-28 09:07:43'),
(215, 197, 1, 'in_store', '2025-06-29 20:43:18', '2025-06-28 09:08:52'),
(216, 198, 3, 'in_store', '2025-06-29 20:42:39', '2025-06-28 09:09:50'),
(217, 199, 11, 'in_store', '2025-06-29 20:41:34', '2025-06-28 09:24:58'),
(218, 200, 3, 'in_store', '2025-06-29 20:41:17', '2025-06-28 09:30:00'),
(219, 201, 4, 'in_store', '2025-06-29 20:40:50', '2025-06-28 09:34:02'),
(220, 202, 9, 'in_store', '2025-06-29 20:40:22', '2025-06-28 09:34:52'),
(221, 203, 5, 'in_store', '2025-06-29 20:33:53', '2025-06-28 09:36:17'),
(222, 204, 5, 'in_store', '2025-06-29 20:33:32', '2025-06-28 09:37:12'),
(223, 205, 2, 'in_store', '2025-06-29 20:32:38', '2025-06-28 09:38:14'),
(224, 206, 14, 'in_store', '2025-06-29 20:45:58', '2025-06-28 09:39:34'),
(225, 207, 5, 'in_store', '2025-06-29 20:31:15', '2025-06-28 09:43:46'),
(226, 208, 9, 'in_store', '2025-06-29 20:30:44', '2025-06-28 09:45:00'),
(227, 209, 5, 'in_store', '2025-06-29 20:29:03', '2025-06-28 09:46:10'),
(228, 210, 3, 'in_store', '2025-06-29 20:28:40', '2025-06-28 09:47:06'),
(229, 211, 4, 'in_store', '2025-06-29 20:28:10', '2025-06-28 09:53:26'),
(230, 212, 3, 'in_store', '2025-06-29 20:44:32', '2025-06-28 09:55:25'),
(231, 213, 7, 'in_store', '2025-06-30 14:28:08', '2025-06-28 10:56:12'),
(232, 214, 22, 'in_store', '2025-06-28 16:05:38', '2025-06-28 16:05:38'),
(233, 215, 23, 'in_store', '2025-06-28 16:08:40', '2025-06-28 16:08:40'),
(234, 216, 24, 'in_store', '2025-06-28 16:11:31', '2025-06-28 16:11:31'),
(237, 172, 10, 'in_store', '2025-06-28 18:56:40', '2025-06-28 18:56:40'),
(238, 97, 12, 'in_store', '2025-07-17 15:56:08', '2025-06-28 19:00:21'),
(242, 217, 25, 'in_store', '2025-06-28 19:11:24', '2025-06-28 19:11:24'),
(243, 218, 25, 'in_store', '2025-06-28 19:12:28', '2025-06-28 19:12:28'),
(244, 219, 25, 'in_store', '2025-06-28 20:07:00', '2025-06-28 20:07:00'),
(245, 220, 24, 'in_store', '2025-06-28 20:08:43', '2025-06-28 20:08:43'),
(246, 221, 50, 'in_store', '2025-06-28 20:09:36', '2025-06-28 20:09:36'),
(247, 222, 49, 'in_store', '2025-06-28 20:14:46', '2025-06-28 20:14:46'),
(253, 224, 2900, 'in_store', '2025-07-02 10:37:56', '2025-07-02 10:37:56'),
(254, 225, 268, 'in_store', '2025-07-02 10:38:22', '2025-07-02 10:38:22'),
(258, 134, 1, 'in_store', '2025-07-02 11:38:43', '2025-07-02 11:38:43'),
(259, 135, 2, 'in_store', '2025-07-02 11:43:59', '2025-07-02 11:43:59'),
(263, 12, 1, 'in_store', '2025-07-13 19:39:21', '2025-07-13 19:39:21'),
(266, 14, 1, 'in_store', '2025-07-15 17:31:00', '2025-07-15 17:31:00'),
(269, 18, 5, 'in_store', '2025-07-15 17:37:32', '2025-07-15 17:37:32'),
(282, 53, 5, 'in_store', '2025-07-15 17:53:45', '2025-07-15 17:53:45'),
(285, 68, 20, 'in_store', '2025-07-15 17:57:52', '2025-07-15 17:57:52'),
(287, 113, 2, 'in_store', '2025-07-15 18:00:41', '2025-07-15 18:00:41'),
(289, 13, 3, 'in_store', '2025-07-15 18:27:00', '2025-07-15 18:27:00'),
(291, 223, 8, 'in_store', '2025-07-15 18:28:40', '2025-07-15 18:28:40'),
(297, 131, 0, 'in_store', '2025-07-15 20:20:03', '2025-07-15 20:20:03'),
(298, 227, 16, 'in_store', '2025-07-17 16:24:13', '2025-07-17 16:24:13'),
(302, 110, 17, 'in_store', '2025-07-17 16:31:35', '2025-07-17 16:31:35'),
(303, 112, 16, 'in_store', '2025-07-17 16:32:17', '2025-07-17 16:32:17'),
(313, 46, 3, 'in_store', '2025-07-17 16:51:03', '2025-07-17 16:51:03'),
(315, 26, 5, 'in_store', '2025-07-17 16:57:42', '2025-07-17 16:57:42'),
(316, 47, 2, 'in_store', '2025-07-17 16:59:56', '2025-07-17 16:59:56'),
(322, 32, 3, 'in_store', '2025-07-17 17:16:10', '2025-07-17 17:16:10'),
(324, 24, 1, 'in_store', '2025-07-17 20:43:09', '2025-07-17 20:43:09'),
(325, 183, 16, 'in_store', '2025-07-17 20:46:14', '2025-07-17 20:46:14'),
(326, 192, 10, 'in_store', '2025-07-17 20:48:33', '2025-07-17 20:48:33'),
(327, 193, 10, 'in_store', '2025-07-17 20:56:25', '2025-07-17 20:56:25'),
(328, 16, 7, 'in_store', '2025-07-17 21:00:00', '2025-07-17 21:00:00'),
(329, 25, 1, 'in_store', '2025-07-17 21:01:56', '2025-07-17 21:01:56'),
(330, 36, 2, 'in_store', '2025-07-17 21:03:38', '2025-07-17 21:03:38'),
(331, 17, 5, 'in_store', '2025-07-17 21:06:01', '2025-07-17 21:06:01'),
(332, 37, 2, 'in_store', '2025-07-17 21:08:00', '2025-07-17 21:08:00'),
(333, 60, 7, 'in_store', '2025-07-17 21:09:38', '2025-07-17 21:09:38'),
(334, 194, 1, 'in_store', '2025-07-17 21:11:14', '2025-07-17 21:11:14'),
(335, 228, 9, 'in_store', '2025-07-17 21:12:26', '2025-07-17 21:12:26'),
(336, 48, 9, 'in_store', '2025-07-17 21:18:01', '2025-07-17 21:18:01'),
(337, 49, 5, 'in_store', '2025-07-17 21:18:51', '2025-07-17 21:18:51'),
(338, 30, 8, 'in_store', '2025-07-17 21:21:24', '2025-07-17 21:21:24'),
(339, 23, 2, 'in_store', '2025-07-17 21:24:00', '2025-07-17 21:24:00'),
(340, 51, 6, 'in_store', '2025-07-17 21:26:48', '2025-07-17 21:26:48'),
(341, 61, 5, 'in_store', '2025-07-17 21:31:40', '2025-07-17 21:31:40'),
(342, 21, 10, 'in_store', '2025-07-17 21:35:33', '2025-07-17 21:35:33'),
(343, 185, 7, 'in_store', '2025-07-17 21:36:57', '2025-07-17 21:36:57'),
(344, 31, 1, 'in_store', '2025-07-17 21:39:27', '2025-07-17 21:39:27'),
(345, 54, 7, 'in_store', '2025-07-17 21:40:50', '2025-07-17 21:40:50'),
(346, 186, 7, 'in_store', '2025-07-17 21:42:39', '2025-07-17 21:42:39'),
(347, 19, 25, 'in_store', '2025-07-17 21:46:50', '2025-07-17 21:46:50'),
(348, 20, 28, 'in_store', '2025-07-17 21:48:15', '2025-07-17 21:48:15'),
(349, 34, 7, 'in_store', '2025-07-17 21:50:36', '2025-07-17 21:50:36'),
(350, 39, 20, 'in_store', '2025-07-17 21:52:09', '2025-07-17 21:52:09'),
(351, 43, 21, 'in_store', '2025-07-17 21:54:16', '2025-07-17 21:54:16'),
(352, 229, 25, 'in_store', '2025-07-17 21:58:19', '2025-07-17 21:58:19'),
(353, 230, 1, 'in_store', '2025-07-17 22:02:00', '2025-07-17 22:02:00'),
(354, 128, 10, 'in_store', '2025-07-17 22:02:59', '2025-07-17 22:02:59'),
(355, 78, 7, 'in_store', '2025-07-17 22:03:56', '2025-07-17 22:03:56'),
(356, 81, 2, 'in_store', '2025-07-17 22:05:13', '2025-07-17 22:05:13'),
(357, 87, 7, 'in_store', '2025-07-17 22:06:27', '2025-07-17 22:06:27'),
(358, 69, 4, 'in_store', '2025-07-17 22:07:40', '2025-07-17 22:07:40'),
(359, 108, 7, 'in_store', '2025-07-17 22:09:18', '2025-07-17 22:09:18'),
(360, 72, 12, 'in_store', '2025-07-17 22:11:15', '2025-07-17 22:11:15'),
(361, 85, 27, 'in_store', '2025-07-17 22:12:06', '2025-07-17 22:12:06'),
(363, 102, 53, 'in_store', '2025-07-17 22:14:54', '2025-07-17 22:14:54'),
(364, 99, 39, 'in_store', '2025-07-17 22:15:27', '2025-07-17 22:15:27'),
(365, 101, 71, 'in_store', '2025-07-17 22:16:36', '2025-07-17 22:16:36'),
(366, 104, 55, 'in_store', '2025-07-17 22:17:21', '2025-07-17 22:17:21'),
(367, 11, 5, 'in_store', '2025-07-17 22:18:18', '2025-07-17 22:18:18'),
(368, 165, 3, 'in_store', '2025-07-17 22:20:10', '2025-07-17 22:20:10'),
(369, 84, 13, 'in_store', '2025-07-17 22:21:37', '2025-07-17 22:21:37'),
(370, 117, 76, 'in_store', '2025-07-17 22:23:37', '2025-07-17 22:23:37'),
(372, 107, 41, 'in_store', '2025-07-17 22:31:31', '2025-07-17 22:31:31'),
(373, 124, 20, 'in_store', '2025-07-17 22:33:02', '2025-07-17 22:33:02'),
(374, 105, 17, 'in_store', '2025-07-17 22:36:01', '2025-07-17 22:36:01'),
(375, 74, 17, 'in_store', '2025-07-17 22:37:59', '2025-07-17 22:37:59'),
(376, 127, 26, 'in_store', '2025-07-17 22:39:41', '2025-07-17 22:39:41'),
(377, 64, 128, 'in_store', '2025-07-17 22:40:23', '2025-07-17 22:40:23'),
(378, 65, 141, 'in_store', '2025-07-17 22:42:15', '2025-07-17 22:42:15'),
(379, 98, 28, 'in_store', '2025-07-17 22:45:46', '2025-07-17 22:45:46'),
(380, 96, 115, 'in_store', '2025-07-17 22:49:27', '2025-07-17 22:49:27'),
(381, 226, 66, 'in_store', '2025-07-17 22:59:02', '2025-07-17 22:59:02'),
(382, 95, 143, 'in_store', '2025-07-17 23:00:37', '2025-07-17 23:00:37'),
(383, 94, 165, 'in_store', '2025-07-17 23:05:27', '2025-07-17 23:05:27'),
(384, 114, 35, 'in_store', '2025-07-17 23:06:31', '2025-07-17 23:06:31'),
(385, 93, 74, 'in_store', '2025-07-17 23:08:02', '2025-07-17 23:08:02'),
(386, 115, 102, 'in_store', '2025-07-17 23:09:08', '2025-07-17 23:09:08'),
(387, 75, 68, 'in_store', '2025-07-17 23:14:29', '2025-07-17 23:14:29'),
(388, 140, 2, 'in_store', '2025-07-17 23:16:55', '2025-07-17 23:16:55'),
(389, 142, 6, 'in_store', '2025-07-17 23:18:21', '2025-07-17 23:18:21'),
(390, 145, 3, 'in_store', '2025-07-17 23:19:03', '2025-07-17 23:19:03');

-- --------------------------------------------------------

--
-- Table structure for table `spendings`
--

CREATE TABLE `spendings` (
  `id` int(11) NOT NULL,
  `user_id` int(11) NOT NULL,
  `organization_id` int(11) NOT NULL,
  `amount` decimal(10,2) NOT NULL,
  `category` enum('purchase','logistics','consumption') NOT NULL,
  `reason` varchar(255) NOT NULL,
  `comment` text DEFAULT NULL,
  `transaction_date` timestamp NULL DEFAULT current_timestamp(),
  `payment_method` enum('cash','bank') NOT NULL DEFAULT 'cash',
  `bank_name` varchar(20) DEFAULT NULL
) ;

--
-- Dumping data for table `spendings`
--

INSERT INTO `spendings` (`id`, `user_id`, `organization_id`, `amount`, `category`, `reason`, `comment`, `transaction_date`, `payment_method`, `bank_name`) VALUES
(34, 1, 1, '700.00', 'purchase', 'kurs+misa+moter+abeni erat', '', '2025-07-15 20:26:57', 'cash', NULL);

-- --------------------------------------------------------

--
-- Table structure for table `transactions`
--

CREATE TABLE `transactions` (
  `id` int(11) NOT NULL,
  `user_id` int(11) NOT NULL,
  `organization_id` int(11) NOT NULL,
  `payment_method` varchar(20) NOT NULL,
  `bank_name` varchar(50) DEFAULT NULL,
  `comment` text DEFAULT NULL,
  `unpaid_amount` decimal(10,2) DEFAULT 0.00,
  `customer_name` varchar(100) DEFAULT NULL,
  `transaction_date` datetime NOT NULL,
  `cash_amount` decimal(10,2) DEFAULT NULL,
  `bank_amount` decimal(10,2) DEFAULT NULL
) ENGINE=InnoDB DEFAULT CHARSET=utf8mb4 COLLATE=utf8mb4_unicode_ci;

--
-- Dumping data for table `transactions`
--

INSERT INTO `transactions` (`id`, `user_id`, `organization_id`, `payment_method`, `bank_name`, `comment`, `unpaid_amount`, `customer_name`, `transaction_date`, `cash_amount`, `bank_amount`) VALUES
(70, 4, 1, 'cash', '', '', '0.00', '', '2025-07-14 07:49:32', NULL, NULL),
(71, 4, 1, 'bank', 'CBE', '', '0.00', '', '2025-07-14 07:51:51', NULL, NULL),
(72, 4, 1, 'cash', '', '', '0.00', '', '2025-07-14 07:58:06', NULL, NULL),
(73, 4, 1, 'cash', '', '', '0.00', '', '2025-07-14 08:00:50', NULL, NULL),
(74, 4, 1, 'cash', '', '', '0.00', '', '2025-07-14 08:01:28', NULL, NULL),
(75, 4, 1, 'cash', '', '', '0.00', '', '2025-07-14 08:02:30', NULL, NULL),
(76, 4, 1, 'cash', '', '', '0.00', '', '2025-07-14 08:05:11', NULL, NULL),
(77, 4, 1, 'bank', 'CBE', '', '0.00', '', '2025-07-14 08:08:22', NULL, NULL),
(78, 4, 1, 'cash', '', '', '0.00', '', '2025-07-14 08:09:33', NULL, NULL),
(79, 4, 1, 'cash', '', '', '0.00', '', '2025-07-14 08:11:01', NULL, NULL),
(80, 4, 1, 'cash', '', '', '0.00', '', '2025-07-14 08:12:21', NULL, NULL),
(81, 4, 1, 'cash', '', '', '0.00', '', '2025-07-14 08:13:14', NULL, NULL),
(82, 4, 1, 'cash', '', '', '0.00', '', '2025-07-14 08:14:09', NULL, NULL),
(83, 4, 1, 'bank', 'CBE', '', '0.00', '', '2025-07-14 08:21:09', NULL, NULL),
(84, 4, 1, 'bank', 'Telebirr', '', '0.00', '', '2025-07-14 08:24:12', NULL, NULL),
(85, 4, 1, 'cash', '', '', '0.00', '', '2025-07-14 08:25:13', NULL, NULL),
(86, 4, 1, 'cash', '', '', '0.00', '', '2025-07-14 08:25:47', NULL, NULL),
(88, 4, 1, 'cash', '', '', '0.00', '', '2025-07-14 10:21:37', NULL, NULL),
(89, 1, 1, 'credit', '', '', '4000.00', 'Bini', '2025-07-14 10:49:41', NULL, NULL),
(90, 1, 1, 'cash', '', '', '0.00', '', '2025-07-14 11:11:24', NULL, NULL),
(91, 1, 1, 'cash', '', '', '0.00', '', '2025-07-14 11:12:32', NULL, NULL),
(92, 1, 1, 'cash', '', '', '0.00', '', '2025-07-14 11:13:47', NULL, NULL),
(93, 4, 1, 'cash', '', '', '0.00', '', '2025-07-14 14:19:56', NULL, NULL),
(94, 4, 1, 'cash', '', '', '0.00', '', '2025-07-14 14:22:46', NULL, NULL),
(95, 1, 1, 'credit', '', '', '0.00', 'Bura batery', '2025-07-14 15:55:31', NULL, NULL),
(100, 1, 1, 'cash', '', '', '0.00', '', '2025-07-15 14:52:03', NULL, NULL),
(101, 1, 1, 'cash', '', '', '0.00', '', '2025-07-15 14:54:35', NULL, NULL),
(102, 1, 1, 'credit', '', '', '14500.00', 'Amare', '2025-07-15 14:59:28', NULL, NULL),
(103, 1, 1, 'credit', '', '', '4000.00', 'sanbu', '2025-07-15 15:06:30', NULL, NULL),
(104, 1, 1, 'cash', '', '', '0.00', '', '2025-07-15 15:13:43', NULL, NULL),
(105, 1, 1, 'cash', '', '', '0.00', '', '2025-07-15 15:18:00', NULL, NULL),
(106, 1, 1, 'cash', '', '', '0.00', '', '2025-07-15 15:21:13', NULL, NULL),
(107, 1, 1, 'cash', '', '', '0.00', '', '2025-07-15 15:24:59', NULL, NULL),
(108, 1, 1, 'bank', 'CBE', '', '0.00', '', '2025-07-15 15:27:19', NULL, NULL),
(109, 1, 1, 'cash', '', '', '0.00', '', '2025-07-15 15:30:13', NULL, NULL),
(110, 1, 1, 'cash', '', '', '0.00', '', '2025-07-15 16:09:35', NULL, NULL),
(111, 1, 1, 'bank', 'CBE', '', '0.00', '', '2025-07-15 16:17:46', NULL, NULL),
(112, 1, 1, 'cash', '', '', '0.00', '', '2025-07-15 16:21:07', NULL, NULL),
(113, 1, 1, 'cash', '', '', '0.00', '', '2025-07-15 16:24:01', NULL, NULL),
(114, 1, 1, 'cash', '', '', '0.00', '', '2025-07-15 16:34:32', NULL, NULL),
(115, 1, 1, 'cash', '', '', '0.00', '', '2025-07-15 16:37:34', NULL, NULL),
(134, 4, 1, 'credit', '', '', '9000.00', 'ኤርማንቾ', '2025-07-16 12:19:57', NULL, NULL),
(135, 4, 1, 'cash', '', '', '0.00', '', '2025-07-16 12:22:17', NULL, NULL),
(136, 4, 1, 'cash', '', '', '0.00', '', '2025-07-16 12:22:38', NULL, NULL),
(137, 4, 1, 'cash', '', '', '0.00', '', '2025-07-16 12:23:14', NULL, NULL),
(138, 4, 1, 'cash', '', '', '0.00', '', '2025-07-16 12:28:35', NULL, NULL),
(141, 4, 1, 'cash', '', '', '0.00', '', '2025-07-16 12:31:29', NULL, NULL),
(142, 4, 1, 'cash', '', '', '0.00', '', '2025-07-16 12:32:40', NULL, NULL),
(143, 4, 1, 'cash', '', '', '0.00', '', '2025-07-16 12:36:05', NULL, NULL),
(144, 4, 1, 'cash', '', '', '0.00', '', '2025-07-16 12:38:06', NULL, NULL),
(145, 4, 1, 'cash', '', '', '0.00', '', '2025-07-16 12:38:31', NULL, NULL),
(146, 4, 1, 'credit', '', '', '8300.00', 'መሙሽ', '2025-07-16 12:40:28', NULL, NULL),
(147, 4, 1, 'credit', '', '', '2600.00', 'ጆን', '2025-07-16 12:42:39', NULL, NULL),
(148, 4, 1, 'cash', '', '', '0.00', '', '2025-07-16 12:43:39', NULL, NULL);

-- --------------------------------------------------------

--
-- Table structure for table `transaction_items`
--

CREATE TABLE `transaction_items` (
  `id` int(11) NOT NULL,
  `transaction_id` int(11) NOT NULL,
  `product_id` int(11) NOT NULL,
  `quantity` int(11) NOT NULL,
  `unit_price` decimal(10,2) NOT NULL
) ENGINE=InnoDB DEFAULT CHARSET=utf8mb4 COLLATE=utf8mb4_unicode_ci;

--
-- Dumping data for table `transaction_items`
--

INSERT INTO `transaction_items` (`id`, `transaction_id`, `product_id`, `quantity`, `unit_price`) VALUES
(108, 70, 60, 1, '2200.00'),
(109, 71, 183, 1, '3100.00'),
(110, 72, 66, 1, '200.00'),
(111, 73, 76, 1, '1000.00'),
(112, 74, 11, 1, '11500.00'),
(113, 75, 94, 1, '150.00'),
(114, 76, 100, 1, '400.00'),
(115, 77, 33, 1, '4300.00'),
(116, 77, 64, 2, '250.00'),
(117, 78, 59, 1, '2400.00'),
(118, 79, 87, 1, '1600.00'),
(119, 80, 85, 1, '700.00'),
(120, 81, 66, 1, '200.00'),
(121, 82, 36, 1, '2500.00'),
(122, 83, 140, 1, '10000.00'),
(123, 84, 192, 1, '2800.00'),
(124, 85, 73, 1, '400.00'),
(125, 86, 100, 1, '400.00'),
(127, 88, 73, 1, '400.00'),
(128, 88, 85, 1, '700.00'),
(129, 89, 20, 1, '4300.00'),
(130, 90, 195, 1, '2100.00'),
(131, 91, 144, 1, '5500.00'),
(132, 92, 140, 1, '7800.00'),
(133, 93, 73, 1, '400.00'),
(134, 93, 85, 1, '700.00'),
(135, 94, 192, 1, '2800.00'),
(136, 94, 59, 1, '2600.00'),
(137, 95, 165, 1, '13000.00'),
(142, 100, 73, 1, '400.00'),
(143, 100, 64, 1, '250.00'),
(144, 101, 142, 1, '14500.00'),
(145, 102, 142, 1, '14500.00'),
(146, 103, 70, 1, '4000.00'),
(147, 104, 144, 1, '5200.00'),
(148, 105, 31, 1, '4400.00'),
(149, 106, 122, 1, '4500.00'),
(150, 106, 115, 1, '50.00'),
(151, 107, 183, 1, '3100.00'),
(152, 107, 165, 1, '13000.00'),
(153, 108, 192, 1, '2800.00'),
(154, 108, 59, 1, '2500.00'),
(155, 109, 24, 1, '3000.00'),
(156, 109, 37, 1, '2400.00'),
(157, 110, 226, 1, '250.00'),
(158, 111, 165, 1, '13000.00'),
(159, 112, 131, 1, '14500.00'),
(160, 113, 21, 1, '3500.00'),
(161, 113, 85, 1, '600.00'),
(162, 113, 73, 1, '400.00'),
(163, 114, 183, 1, '3000.00'),
(164, 114, 36, 1, '2500.00'),
(165, 114, 96, 1, '200.00'),
(166, 114, 64, 2, '250.00'),
(167, 115, 114, 1, '100.00'),
(168, 115, 21, 1, '3500.00'),
(169, 115, 51, 1, '3100.00'),
(170, 115, 67, 1, '2500.00'),
(187, 134, 183, 2, '3000.00'),
(188, 134, 36, 1, '2600.00'),
(189, 134, 73, 1, '400.00'),
(190, 134, 85, 1, '700.00'),
(191, 135, 39, 1, '4300.00'),
(192, 136, 36, 1, '2600.00'),
(193, 137, 66, 1, '150.00'),
(194, 138, 16, 1, '2700.00'),
(195, 138, 17, 1, '2650.00'),
(196, 138, 84, 1, '650.00'),
(199, 141, 180, 1, '100.00'),
(200, 142, 85, 2, '700.00'),
(201, 142, 73, 2, '400.00'),
(202, 143, 145, 1, '9000.00'),
(203, 144, 197, 1, '500.00'),
(204, 145, 140, 1, '8000.00'),
(205, 146, 142, 1, '15500.00'),
(206, 147, 37, 1, '2500.00'),
(207, 147, 179, 1, '100.00'),
(208, 148, 183, 1, '3000.00');

-- --------------------------------------------------------

--
-- Table structure for table `users`
--

CREATE TABLE `users` (
  `id` int(11) NOT NULL,
  `username` varchar(50) NOT NULL,
  `email` varchar(100) NOT NULL,
  `password` varchar(255) NOT NULL,
  `role` varchar(20) NOT NULL DEFAULT 'user',
  `is_active` tinyint(1) NOT NULL DEFAULT 1,
  `organization_id` int(11) NOT NULL,
  `created_at` timestamp NULL DEFAULT current_timestamp(),
  `last_login` timestamp NULL DEFAULT NULL
) ENGINE=InnoDB DEFAULT CHARSET=utf8mb4 COLLATE=utf8mb4_unicode_ci;

--
-- Dumping data for table `users`
--

INSERT INTO `users` (`id`, `username`, `email`, `password`, `role`, `is_active`, `organization_id`, `created_at`, `last_login`) VALUES
(1, 'betse', 'degi@gmail.com', '$2a$12$vAwnhpOnDxPL3jVHc9X7kOCGYA.AZltZcZSowB2gLV1vtR2ykLhjq', 'admin', 1, 1, '2025-06-10 13:10:12', '2025-07-16 14:25:31'),
(2, 'bire', 'bire@gmail.com', '$2y$10$8AyuEpVhp7ETo9zUiu1xsOfCFuvK8EfP56ryGtM/bhxVBbru.pdm6$2a$12$U1QBp2.ESjfbpTVoHTfwSeySKRFjUjJLXfZ/5Ob781pzfncX1gdsq', 'admin', 1, 1, '2025-06-10 13:59:01', '2025-06-26 12:36:29'),
(3, 'mekdes', 'a@d.c', '$2y$10$DlLfgiHhUaUhFEtUBBgfOu5o2qFU5CNhmAqF77YeO.LRczyYZJhRS', 'worker', 1, 1, '2025-06-12 05:28:24', '2025-06-14 13:13:29'),
(4, 'sanbu', 'n@g.c', '$2a$12$U1QBp2.ESjfbpTVoHTfwSeySKRFjUjJLXfZ/5Ob781pzfncX1gdsq', 'user', 1, 1, '2025-06-12 07:43:14', '2025-07-15 07:00:04'),
(5, 'habte', 'habtsh@gmail.com', '$2a$12$5Cl.HwuQJJh/bs1nvUcdo.g/Lj4i5eCNOTa9XViiIPxI2ths.D.dm', 'admin', 1, 2, '2025-06-23 14:40:38', '2025-06-23 15:13:06'),
(6, 'temesgen', 'Stire@gmail.com', '$2y$10$ESWFaKMu89r74Lw.wTB2rO5erX4U1NdUGUBl0BcUbwQlRPUrx.QkK', 'user', 1, 2, '2025-06-23 15:05:24', '2025-06-23 15:05:47');

-- --------------------------------------------------------

--
-- Table structure for table `user_activity`
--

CREATE TABLE `user_activity` (
  `id` int(11) NOT NULL,
  `user_id` int(11) DEFAULT NULL,
  `organization_id` int(11) DEFAULT NULL,
  `activity_type` varchar(50) NOT NULL,
  `description` mediumtext NOT NULL,
  `ip_address` varchar(45) NOT NULL,
  `activity_time` timestamp NULL DEFAULT current_timestamp(),
  `created_at` timestamp NOT NULL DEFAULT current_timestamp()
) ENGINE=InnoDB DEFAULT CHARSET=utf8mb4 COLLATE=utf8mb4_unicode_ci;

--
-- Dumping data for table `user_activity`
--

INSERT INTO `user_activity` (`id`, `user_id`, `organization_id`, `activity_type`, `description`, `ip_address`, `activity_time`, `created_at`) VALUES
(1, 1, 1, 'registration', 'User registered', '102.208.97.33', '2025-06-10 13:10:12', '2025-06-23 09:29:50'),
(2, 1, 1, 'login', 'User logged in', '102.208.97.130', '2025-06-10 13:34:51', '2025-06-23 09:29:50'),
(3, 1, 1, 'reports_view', 'Viewed reports & transactions from 2025-06-10 00:00:00 to 2025-06-10 23:59:59', '102.208.96.139', '2025-06-10 13:42:07', '2025-06-23 09:29:50'),
(4, 1, 1, 'reports_view', 'Viewed reports & transactions from 2025-06-04 00:00:00 to 2025-06-10 23:59:59', '102.208.96.139', '2025-06-10 13:42:12', '2025-06-23 09:29:50'),
(5, 1, 1, 'reports_view', 'Viewed reports & transactions from 2025-05-10 00:00:00 to 2025-06-10 23:59:59', '102.208.96.139', '2025-06-10 13:42:14', '2025-06-23 09:29:50'),
(6, 1, 1, 'product_add', 'Added product \'Bela\' (ID: 4)', '102.208.97.130', '2025-06-10 13:46:45', '2025-06-23 09:29:50'),
(7, 1, 1, 'product_update', 'Updated product ID: 4', '102.208.97.130', '2025-06-10 13:50:08', '2025-06-23 09:29:50'),
(8, 1, 1, 'product_sale', 'Sold 300 units of product 4', '102.208.96.139', '2025-06-10 13:57:27', '2025-06-23 09:29:50'),
(9, 1, 1, 'reports_view', 'Viewed reports & transactions from 2025-06-10 00:00:00 to 2025-06-10 23:59:59', '102.208.96.139', '2025-06-10 13:57:31', '2025-06-23 09:29:50'),
(10, 1, 1, 'reports_view', 'Viewed reports & transactions from 2025-06-10 00:00:00 to 2025-06-10 23:59:59', '102.208.96.139', '2025-06-10 13:57:46', '2025-06-23 09:29:50'),
(11, 1, 1, 'reports_view', 'Viewed reports & transactions from 2025-06-04 00:00:00 to 2025-06-10 23:59:59', '102.208.96.139', '2025-06-10 13:57:56', '2025-06-23 09:29:50'),
(12, 1, 1, 'reports_view', 'Viewed reports & transactions from 2025-06-10 00:00:00 to 2025-06-10 23:59:59', '102.208.96.139', '2025-06-10 13:58:01', '2025-06-23 09:29:50'),
(13, 1, 1, 'reports_view', 'Viewed reports & transactions from 2025-06-10 00:00:00 to 2025-06-10 23:59:59', '102.208.96.139', '2025-06-10 13:58:19', '2025-06-23 09:29:50'),
(959, 1, 1, 'product_update', 'Updated product ID: 101', '196.188.252.242', '2025-07-17 16:14:37', '2025-07-17 16:14:37'),
(960, 1, 1, 'product_update', 'Updated product ID: 81', '196.188.252.242', '2025-07-17 16:16:35', '2025-07-17 16:16:35'),
(961, 1, 1, 'login', 'User betse logged in successfully.', '196.188.252.242', '2025-07-17 16:27:03', '2025-07-17 16:27:03'),
(962, 1, 1, 'order_created', 'Ordered 5 of fsr ቻርከ የታስርው local', '196.188.252.64', '2025-07-17 20:25:48', '2025-07-17 20:25:48'),
(963, 1, 1, 'login', 'User betse logged in successfully.', '102.213.69.71', '2025-07-18 07:05:14', '2025-07-18 07:05:14');

--
-- Indexes for dumped tables
--

--
-- Indexes for table `bank_deposits`
--
ALTER TABLE `bank_deposits`
  ADD PRIMARY KEY (`id`),
  ADD KEY `fk_bank_deposits_organization` (`organization_id`),
  ADD KEY `fk_bank_deposits_user` (`user_id`);

--
-- Indexes for table `ip_blocks`
--
ALTER TABLE `ip_blocks`
  ADD PRIMARY KEY (`id`),
  ADD UNIQUE KEY `ip_address` (`ip_address`);

--
-- Indexes for table `login_attempts`
--
ALTER TABLE `login_attempts`
  ADD PRIMARY KEY (`id`);

--
-- Indexes for table `organizations`
--
ALTER TABLE `organizations`
  ADD PRIMARY KEY (`id`),
  ADD UNIQUE KEY `name_UNIQUE` (`name`),
  ADD KEY `owner_user_id` (`owner_user_id`);

--
-- Indexes for table `products`
--
ALTER TABLE `products`
  ADD PRIMARY KEY (`id`),
  ADD KEY `fk_products_organization` (`organization_id`);

--
-- Indexes for table `product_inventory`
--
ALTER TABLE `product_inventory`
  ADD PRIMARY KEY (`id`),
  ADD KEY `product_id` (`product_id`);

--
-- Indexes for table `spendings`
--
ALTER TABLE `spendings`
  ADD PRIMARY KEY (`id`),
  ADD KEY `user_id` (`user_id`),
  ADD KEY `fk_spendings_organization` (`organization_id`);

--
-- Indexes for table `transactions`
--
ALTER TABLE `transactions`
  ADD PRIMARY KEY (`id`),
  ADD KEY `organization_id` (`organization_id`);

--
-- Indexes for table `transaction_items`
--
ALTER TABLE `transaction_items`
  ADD PRIMARY KEY (`id`),
  ADD KEY `transaction_id` (`transaction_id`),
  ADD KEY `product_id` (`product_id`);

--
-- Indexes for table `users`
--
ALTER TABLE `users`
  ADD PRIMARY KEY (`id`),
  ADD UNIQUE KEY `username` (`username`),
  ADD UNIQUE KEY `email` (`email`),
  ADD KEY `fk_users_organization` (`organization_id`);

--
-- Indexes for table `user_activity`
--
ALTER TABLE `user_activity`
  ADD PRIMARY KEY (`id`),
  ADD KEY `user_id` (`user_id`),
  ADD KEY `fk_user_activity_organization` (`organization_id`);

--
-- AUTO_INCREMENT for dumped tables
--

--
-- AUTO_INCREMENT for table `bank_deposits`
--
ALTER TABLE `bank_deposits`
  MODIFY `id` int(11) NOT NULL AUTO_INCREMENT, AUTO_INCREMENT=9;

--
-- AUTO_INCREMENT for table `ip_blocks`
--
ALTER TABLE `ip_blocks`
  MODIFY `id` int(11) NOT NULL AUTO_INCREMENT;

--
-- AUTO_INCREMENT for table `login_attempts`
--
ALTER TABLE `login_attempts`
  MODIFY `id` int(11) NOT NULL AUTO_INCREMENT, AUTO_INCREMENT=152;

--
-- AUTO_INCREMENT for table `organizations`
--
ALTER TABLE `organizations`
  MODIFY `id` int(11) NOT NULL AUTO_INCREMENT, AUTO_INCREMENT=3;

--
-- AUTO_INCREMENT for table `products`
--
ALTER TABLE `products`
  MODIFY `id` int(11) NOT NULL AUTO_INCREMENT, AUTO_INCREMENT=231;

--
-- AUTO_INCREMENT for table `product_inventory`
--
ALTER TABLE `product_inventory`
  MODIFY `id` int(11) NOT NULL AUTO_INCREMENT, AUTO_INCREMENT=391;

--
-- AUTO_INCREMENT for table `spendings`
--
ALTER TABLE `spendings`
  MODIFY `id` int(11) NOT NULL AUTO_INCREMENT;

--
-- AUTO_INCREMENT for table `transactions`
--
ALTER TABLE `transactions`
  MODIFY `id` int(11) NOT NULL AUTO_INCREMENT, AUTO_INCREMENT=160;

--
-- AUTO_INCREMENT for table `transaction_items`
--
ALTER TABLE `transaction_items`
  MODIFY `id` int(11) NOT NULL AUTO_INCREMENT, AUTO_INCREMENT=221;

--
-- AUTO_INCREMENT for table `users`
--
ALTER TABLE `users`
  MODIFY `id` int(11) NOT NULL AUTO_INCREMENT, AUTO_INCREMENT=7;

--
-- AUTO_INCREMENT for table `user_activity`
--
ALTER TABLE `user_activity`
  MODIFY `id` int(11) NOT NULL AUTO_INCREMENT, AUTO_INCREMENT=964;

--
-- Constraints for dumped tables
--

--
-- Constraints for table `bank_deposits`
--
ALTER TABLE `bank_deposits`
  ADD CONSTRAINT `fk_bank_deposits_organization` FOREIGN KEY (`organization_id`) REFERENCES `organizations` (`id`) ON DELETE CASCADE,
  ADD CONSTRAINT `fk_bank_deposits_user` FOREIGN KEY (`user_id`) REFERENCES `users` (`id`) ON DELETE CASCADE;

--
-- Constraints for table `organizations`
--
ALTER TABLE `organizations`
  ADD CONSTRAINT `organizations_ibfk_1` FOREIGN KEY (`owner_user_id`) REFERENCES `users` (`id`) ON DELETE SET NULL;

--
-- Constraints for table `products`
--
ALTER TABLE `products`
  ADD CONSTRAINT `fk_products_organization` FOREIGN KEY (`organization_id`) REFERENCES `organizations` (`id`) ON DELETE CASCADE;

--
-- Constraints for table `product_inventory`
--
ALTER TABLE `product_inventory`
  ADD CONSTRAINT `product_inventory_ibfk_1` FOREIGN KEY (`product_id`) REFERENCES `products` (`id`) ON DELETE CASCADE;

--
-- Constraints for table `spendings`
--
ALTER TABLE `spendings`
  ADD CONSTRAINT `fk_spendings_organization` FOREIGN KEY (`organization_id`) REFERENCES `organizations` (`id`) ON DELETE CASCADE,
  ADD CONSTRAINT `spendings_user_fk` FOREIGN KEY (`user_id`) REFERENCES `users` (`id`) ON DELETE CASCADE;

--
-- Constraints for table `transaction_items`
--
ALTER TABLE `transaction_items`
  ADD CONSTRAINT `transaction_items_ibfk_1` FOREIGN KEY (`transaction_id`) REFERENCES `transactions` (`id`) ON DELETE CASCADE,
  ADD CONSTRAINT `transaction_items_ibfk_2` FOREIGN KEY (`product_id`) REFERENCES `products` (`id`);

--
-- Constraints for table `users`
--
ALTER TABLE `users`
  ADD CONSTRAINT `fk_users_organization` FOREIGN KEY (`organization_id`) REFERENCES `organizations` (`id`) ON DELETE CASCADE;

--
-- Constraints for table `user_activity`
--
ALTER TABLE `user_activity`
  ADD CONSTRAINT `fk_user_activity_organization` FOREIGN KEY (`organization_id`) REFERENCES `organizations` (`id`) ON DELETE SET NULL,
  ADD CONSTRAINT `user_activity_ibfk_1` FOREIGN KEY (`user_id`) REFERENCES `users` (`id`) ON DELETE SET NULL;
COMMIT;

/*!40101 SET CHARACTER_SET_CLIENT=@OLD_CHARACTER_SET_CLIENT */;
/*!40101 SET CHARACTER_SET_RESULTS=@OLD_CHARACTER_SET_RESULTS */;
/*!40101 SET COLLATION_CONNECTION=@OLD_COLLATION_CONNECTION */;
